Workbook

Sheet RAB_Otomatis
A1: RENCANA ANGGARAN BIAYA (RAB) OTOMATIS
A2: Pilih 'Kode AHSP' dari dropdown. Harga akan terisi otomatis dari Daftar AHSP.
A4: No | B4: Kode AHSP (PILIH) | C4: Uraian Pekerjaan | D4: Sat | E4: Volume | F4: Harga Upah | G4: Harga Bahan | H4: Harga Alat | I4: Harga Satuan Total | J4: Jumlah Harga (Rp)
A5: 1 | B5: 1.1.1.1 | C5: =IF(ISBLANK(B5),"",VLOOKUP(B5,Daftar_AHSP!$B$4:$H$2596,2,FALSE)) -> Pembuatan 1 m’ pagar sementara dari kayu tinggi 2 meter | D5: =IF(ISBLANK(B5),"",VLOOKUP(B5,Daftar_AHSP!$B$4:$H$2596,3,FALSE)) -> m' | E5: 100 | F5: =IF(ISBLANK(B5),0,VLOOKUP(B5,Daftar_AHSP!$B$4:$H$2596,4,FALSE)*E5) -> 12760000 | G5: =IF(ISBLANK(B5),0,VLOOKUP(B5,Daftar_AHSP!$B$4:$H$2596,5,FALSE)*E5) -> 58821563 | H5: =IF(ISBLANK(B5),0,VLOOKUP(B5,Daftar_AHSP!$B$4:$H$2596,6,FALSE)*E5) -> 0 | I5: =IF(ISBLANK(B5),0,VLOOKUP(B5,Daftar_AHSP!$B$4:$H$2596,7,FALSE)) -> 787397 | J5: =IF(ISNUMBER(E5),E5*I5,0) -> 78739700
A6: 2 | B6: 1.2.1.1.1 | C6: =IF(ISBLANK(B6),"",VLOOKUP(B6,Daftar_AHSP!$B$4:$H$2596,2,FALSE)) -> Penggalian 1 m3 tanah biasa sedalam 0 s.d. 1 m untuk volume s.d. 200 m3 secara manual | D6: =IF(ISBLANK(B6),"",VLOOKUP(B6,Daftar_AHSP!$B$4:$H$2596,3,FALSE)) -> m3 | E6: 45 | F6: =IF(ISBLANK(B6),0,VLOOKUP(B6,Daftar_AHSP!$B$4:$H$2596,4,FALSE)*E6) -> 0 | G6: =IF(ISBLANK(B6),0,VLOOKUP(B6,Daftar_AHSP!$B$4:$H$2596,5,FALSE)*E6) -> 0 | H6: =IF(ISBLANK(B6),0,VLOOKUP(B6,Daftar_AHSP!$B$4:$H$2596,6,FALSE)*E6) -> 0 | I6: =IF(ISBLANK(B6),0,VLOOKUP(B6,Daftar_AHSP!$B$4:$H$2596,7,FALSE)) -> 90860 | J6: =IF(ISNUMBER(E6),E6*I6,0) -> 4088700
A7: 3 | C7: =IF(ISBLANK(B7),"",VLOOKUP(B7,Daftar_AHSP!$B$4:$H$2596,2,FALSE)) | D7: =IF(ISBLANK(B7),"",VLOOKUP(B7,Daftar_AHSP!$B$4:$H$2596,3,FALSE)) | F7: =IF(ISBLANK(B7),0,VLOOKUP(B7,Daftar_AHSP!$B$4:$H$2596,4,FALSE)*E7) -> 0 | G7: =IF(ISBLANK(B7),0,VLOOKUP(B7,Daftar_AHSP!$B$4:$H$2596,5,FALSE)*E7) -> 0 | H7: =IF(ISBLANK(B7),0,VLOOKUP(B7,Daftar_AHSP!$B$4:$H$2596,6,FALSE)*E7) -> 0 | I7: =IF(ISBLANK(B7),0,VLOOKUP(B7,Daftar_AHSP!$B$4:$H$2596,7,FALSE)) -> 0 | J7: =IF(ISNUMBER(E7),E7*I7,0) -> 0
A8: 4 | C8: =IF(ISBLANK(B8),"",VLOOKUP(B8,Daftar_AHSP!$B$4:$H$2596,2,FALSE)) | D8: =IF(ISBLANK(B8),"",VLOOKUP(B8,Daftar_AHSP!$B$4:$H$2596,3,FALSE)) | F8: =IF(ISBLANK(B8),0,VLOOKUP(B8,Daftar_AHSP!$B$4:$H$2596,4,FALSE)*E8) -> 0 | G8: =IF(ISBLANK(B8),0,VLOOKUP(B8,Daftar_AHSP!$B$4:$H$2596,5,FALSE)*E8) -> 0 | H8: =IF(ISBLANK(B8),0,VLOOKUP(B8,Daftar_AHSP!$B$4:$H$2596,6,FALSE)*E8) -> 0 | I8: =IF(ISBLANK(B8),0,VLOOKUP(B8,Daftar_AHSP!$B$4:$H$2596,7,FALSE)) -> 0 | J8: =IF(ISNUMBER(E8),E8*I8,0) -> 0
A9: 5 | C9: =IF(ISBLANK(B9),"",VLOOKUP(B9,Daftar_AHSP!$B$4:$H$2596,2,FALSE)) | D9: =IF(ISBLANK(B9),"",VLOOKUP(B9,Daftar_AHSP!$B$4:$H$2596,3,FALSE)) | F9: =IF(ISBLANK(B9),0,VLOOKUP(B9,Daftar_AHSP!$B$4:$H$2596,4,FALSE)*E9) -> 0 | G9: =IF(ISBLANK(B9),0,VLOOKUP(B9,Daftar_AHSP!$B$4:$H$2596,5,FALSE)*E9) -> 0 | H9: =IF(ISBLANK(B9),0,VLOOKUP(B9,Daftar_AHSP!$B$4:$H$2596,6,FALSE)*E9) -> 0 | I9: =IF(ISBLANK(B9),0,VLOOKUP(B9,Daftar_AHSP!$B$4:$H$2596,7,FALSE)) -> 0 | J9: =IF(ISNUMBER(E9),E9*I9,0) -> 0
A10: 6 | C10: =IF(ISBLANK(B10),"",VLOOKUP(B10,Daftar_AHSP!$B$4:$H$2596,2,FALSE)) | D10: =IF(ISBLANK(B10),"",VLOOKUP(B10,Daftar_AHSP!$B$4:$H$2596,3,FALSE)) | F10: =IF(ISBLANK(B10),0,VLOOKUP(B10,Daftar_AHSP!$B$4:$H$2596,4,FALSE)*E10) -> 0 | G10: =IF(ISBLANK(B10),0,VLOOKUP(B10,Daftar_AHSP!$B$4:$H$2596,5,FALSE)*E10) -> 0 | H10: =IF(ISBLANK(B10),0,VLOOKUP(B10,Daftar_AHSP!$B$4:$H$2596,6,FALSE)*E10) -> 0 | I10: =IF(ISBLANK(B10),0,VLOOKUP(B10,Daftar_AHSP!$B$4:$H$2596,7,FALSE)) -> 0 | J10: =IF(ISNUMBER(E10),E10*I10,0) -> 0
A11: 7 | C11: =IF(ISBLANK(B11),"",VLOOKUP(B11,Daftar_AHSP!$B$4:$H$2596,2,FALSE)) | D11: =IF(ISBLANK(B11),"",VLOOKUP(B11,Daftar_AHSP!$B$4:$H$2596,3,FALSE)) | F11: =IF(ISBLANK(B11),0,VLOOKUP(B11,Daftar_AHSP!$B$4:$H$2596,4,FALSE)*E11) -> 0 | G11: =IF(ISBLANK(B11),0,VLOOKUP(B11,Daftar_AHSP!$B$4:$H$2596,5,FALSE)*E11) -> 0 | H11: =IF(ISBLANK(B11),0,VLOOKUP(B11,Daftar_AHSP!$B$4:$H$2596,6,FALSE)*E11) -> 0 | I11: =IF(ISBLANK(B11),0,VLOOKUP(B11,Daftar_AHSP!$B$4:$H$2596,7,FALSE)) -> 0 | J11: =IF(ISNUMBER(E11),E11*I11,0) -> 0
A12: 8 | C12: =IF(ISBLANK(B12),"",VLOOKUP(B12,Daftar_AHSP!$B$4:$H$2596,2,FALSE)) | D12: =IF(ISBLANK(B12),"",VLOOKUP(B12,Daftar_AHSP!$B$4:$H$2596,3,FALSE)) | F12: =IF(ISBLANK(B12),0,VLOOKUP(B12,Daftar_AHSP!$B$4:$H$2596,4,FALSE)*E12) -> 0 | G12: =IF(ISBLANK(B12),0,VLOOKUP(B12,Daftar_AHSP!$B$4:$H$2596,5,FALSE)*E12) -> 0 | H12: =IF(ISBLANK(B12),0,VLOOKUP(B12,Daftar_AHSP!$B$4:$H$2596,6,FALSE)*E12) -> 0 | I12: =IF(ISBLANK(B12),0,VLOOKUP(B12,Daftar_AHSP!$B$4:$H$2596,7,FALSE)) -> 0 | J12: =IF(ISNUMBER(E12),E12*I12,0) -> 0
A13: 9 | C13: =IF(ISBLANK(B13),"",VLOOKUP(B13,Daftar_AHSP!$B$4:$H$2596,2,FALSE)) | D13: =IF(ISBLANK(B13),"",VLOOKUP(B13,Daftar_AHSP!$B$4:$H$2596,3,FALSE)) | F13: =IF(ISBLANK(B13),0,VLOOKUP(B13,Daftar_AHSP!$B$4:$H$2596,4,FALSE)*E13) -> 0 | G13: =IF(ISBLANK(B13),0,VLOOKUP(B13,Daftar_AHSP!$B$4:$H$2596,5,FALSE)*E13) -> 0 | H13: =IF(ISBLANK(B13),0,VLOOKUP(B13,Daftar_AHSP!$B$4:$H$2596,6,FALSE)*E13) -> 0 | I13: =IF(ISBLANK(B13),0,VLOOKUP(B13,Daftar_AHSP!$B$4:$H$2596,7,FALSE)) -> 0 | J13: =IF(ISNUMBER(E13),E13*I13,0) -> 0
A14: 10 | C14: =IF(ISBLANK(B14),"",VLOOKUP(B14,Daftar_AHSP!$B$4:$H$2596,2,FALSE)) | D14: =IF(ISBLANK(B14),"",VLOOKUP(B14,Daftar_AHSP!$B$4:$H$2596,3,FALSE)) | F14: =IF(ISBLANK(B14),0,VLOOKUP(B14,Daftar_AHSP!$B$4:$H$2596,4,FALSE)*E14) -> 0 | G14: =IF(ISBLANK(B14),0,VLOOKUP(B14,Daftar_AHSP!$B$4:$H$2596,5,FALSE)*E14) -> 0 | H14: =IF(ISBLANK(B14),0,VLOOKUP(B14,Daftar_AHSP!$B$4:$H$2596,6,FALSE)*E14) -> 0 | I14: =IF(ISBLANK(B14),0,VLOOKUP(B14,Daftar_AHSP!$B$4:$H$2596,7,FALSE)) -> 0 | J14: =IF(ISNUMBER(E14),E14*I14,0) -> 0
A15: 11 | C15: =IF(ISBLANK(B15),"",VLOOKUP(B15,Daftar_AHSP!$B$4:$H$2596,2,FALSE)) | D15: =IF(ISBLANK(B15),"",VLOOKUP(B15,Daftar_AHSP!$B$4:$H$2596,3,FALSE)) | F15: =IF(ISBLANK(B15),0,VLOOKUP(B15,Daftar_AHSP!$B$4:$H$2596,4,FALSE)*E15) -> 0 | G15: =IF(ISBLANK(B15),0,VLOOKUP(B15,Daftar_AHSP!$B$4:$H$2596,5,FALSE)*E15) -> 0 | H15: =IF(ISBLANK(B15),0,VLOOKUP(B15,Daftar_AHSP!$B$4:$H$2596,6,FALSE)*E15) -> 0 | I15: =IF(ISBLANK(B15),0,VLOOKUP(B15,Daftar_AHSP!$B$4:$H$2596,7,FALSE)) -> 0 | J15: =IF(ISNUMBER(E15),E15*I15,0) -> 0
A16: 12 | C16: =IF(ISBLANK(B16),"",VLOOKUP(B16,Daftar_AHSP!$B$4:$H$2596,2,FALSE)) | D16: =IF(ISBLANK(B16),"",VLOOKUP(B16,Daftar_AHSP!$B$4:$H$2596,3,FALSE)) | F16: =IF(ISBLANK(B16),0,VLOOKUP(B16,Daftar_AHSP!$B$4:$H$2596,4,FALSE)*E16) -> 0 | G16: =IF(ISBLANK(B16),0,VLOOKUP(B16,Daftar_AHSP!$B$4:$H$2596,5,FALSE)*E16) -> 0 | H16: =IF(ISBLANK(B16),0,VLOOKUP(B16,Daftar_AHSP!$B$4:$H$2596,6,FALSE)*E16) -> 0 | I16: =IF(ISBLANK(B16),0,VLOOKUP(B16,Daftar_AHSP!$B$4:$H$2596,7,FALSE)) -> 0 | J16: =IF(ISNUMBER(E16),E16*I16,0) -> 0
A17: 13 | C17: =IF(ISBLANK(B17),"",VLOOKUP(B17,Daftar_AHSP!$B$4:$H$2596,2,FALSE)) | D17: =IF(ISBLANK(B17),"",VLOOKUP(B17,Daftar_AHSP!$B$4:$H$2596,3,FALSE)) | F17: =IF(ISBLANK(B17),0,VLOOKUP(B17,Daftar_AHSP!$B$4:$H$2596,4,FALSE)*E17) -> 0 | G17: =IF(ISBLANK(B17),0,VLOOKUP(B17,Daftar_AHSP!$B$4:$H$2596,5,FALSE)*E17) -> 0 | H17: =IF(ISBLANK(B17),0,VLOOKUP(B17,Daftar_AHSP!$B$4:$H$2596,6,FALSE)*E17) -> 0 | I17: =IF(ISBLANK(B17),0,VLOOKUP(B17,Daftar_AHSP!$B$4:$H$2596,7,FALSE)) -> 0 | J17: =IF(ISNUMBER(E17),E17*I17,0) -> 0
A18: 14 | C18: =IF(ISBLANK(B18),"",VLOOKUP(B18,Daftar_AHSP!$B$4:$H$2596,2,FALSE)) | D18: =IF(ISBLANK(B18),"",VLOOKUP(B18,Daftar_AHSP!$B$4:$H$2596,3,FALSE)) | F18: =IF(ISBLANK(B18),0,VLOOKUP(B18,Daftar_AHSP!$B$4:$H$2596,4,FALSE)*E18) -> 0 | G18: =IF(ISBLANK(B18),0,VLOOKUP(B18,Daftar_AHSP!$B$4:$H$2596,5,FALSE)*E18) -> 0 | H18: =IF(ISBLANK(B18),0,VLOOKUP(B18,Daftar_AHSP!$B$4:$H$2596,6,FALSE)*E18) -> 0 | I18: =IF(ISBLANK(B18),0,VLOOKUP(B18,Daftar_AHSP!$B$4:$H$2596,7,FALSE)) -> 0 | J18: =IF(ISNUMBER(E18),E18*I18,0) -> 0
... A54: 50 | C54: =IF(ISBLANK(B54),"",VLOOKUP(B54,Daftar_AHSP!$B$4:$H$2596,2,FALSE)) | D54: =IF(ISBLANK(B54),"",VLOOKUP(B54,Daftar_AHSP!$B$4:$H$2596,3,FALSE)) | F54: =IF(ISBLANK(B54),0,VLOOKUP(B54,Daftar_AHSP!$B$4:$H$2596,4,FALSE)*E54) -> 0 | G54: =IF(ISBLANK(B54),0,VLOOKUP(B54,Daftar_AHSP!$B$4:$H$2596,5,FALSE)*E54) -> 0 | H54: =IF(ISBLANK(B54),0,VLOOKUP(B54,Daftar_AHSP!$B$4:$H$2596,6,FALSE)*E54) -> 0 | I54: =IF(ISBLANK(B54),0,VLOOKUP(B54,Daftar_AHSP!$B$4:$H$2596,7,FALSE)) -> 0 | J54: =IF(ISNUMBER(E54),E54*I54,0) -> 0
A55: TOTAL BIAYA KONSTRUKSI | J55: =SUM(J5:J54) -> 82828400

Sheet Daftar_AHSP
A1: DAFTAR HARGA SATUAN PEKERJAAN (AHSP CIPTA KARYA 2025)
A3: No | B3: Kode AHSP | C3: Uraian Pekerjaan | D3: Satuan | E3: Subtotal UPAH (Rp) | F3: Subtotal BAHAN (Rp) | G3: Subtotal ALAT (Rp) | H3: Harga Satuan Total (Rp)
A4: 1 | B4: 1.1 | C4: PEKERJAAN PERSIAPAN
A5: 2 | B5: 1.1.1 | C5: Pembuatan Pagar Proyek
A6: 3 | B6: 1.1.1.1 | C6: Pembuatan 1 m’ pagar sementara dari kayu tinggi 2 meter | D6: m' | E6: 127600 | F6: 588215.63 | G6: 0 | H6: 787397
A7: 4 | B7: 1.1.1.2 | C7: Pembuatan 1 m’ pagar sementara dari seng gelombang rangka kayu tinggi 2 meter | D7: m' | E7: 67225 | F7: 510526.79 | G7: 0 | H7: 635526
A8: 5 | B8: 1.1.1.3 | C8: Pembuatan 1 m’ pagar sementara dari kawat duri tinggi 2 meter | D8: m' | E8: 82885 | F8: 260969.45 | G8: 0 | H8: 378239
A9: 6 | B9: 1.1.1.4 | C9: Pembuatan 1 m’ pagar sementara seng gelombang rangka baja L.40.40.4 tinggi pagar 1.8 meter | D9: m' | E9: 53000 | F9: 336915 | G9: 0 | H9: 428906
A10: 7 | B10: 1.1.1.5 | C10: Pembuatan 1 m2 pagar BRC Galvanis | D10: m2 | E10: 10900 | F10: 4947 | G10: 0 | H10: 17431
A11: 8 | B11: 1.1.1.6 | C11: Pemasangan 1 m2 panel beton pracetak 50x50x240 untuk pagar | D11: m2 | E11: 0 | F11: 0 | G11: 0 | H11: 484982
A12: 9 | B12: 1.1.2 | C12: Alat dan/atau sarana penunjang
A13: 10 | B13: 1.1.2.1 | C13: 1 buah papan nama pekerjaan ukuran 0.8x1.2 menggunakan multiflex 18 mm, frame besi siku dan tiang kayu 8/12 | D13: buah | E13: 0 | F13: 0 | G13: 0 | H13: 1909085
A14: 11 | B14: 1.1.2.2 | C14: 1 buah papan nama pekerjaan ukuran 0.6x08 menggunakan multiplex 10 mm, frame allumunium siku dan tiang kayu 5/7, printing banner plastik | D14: buah | E14: 0 | F14: 0 | G14: 0 | H14: 702576
A15: 12 | B15: 1.1.2.3 | C15: Pembuatan 1 m2 kantor sementara/rumah jaga/gudang semen dan peralatan lantai plesteran, dinding setengah tembok | D15: m2 | E15: 707500 | F15: 2475485 | G15: 0 | H15: 3501283
A16: 13 | B16: 1.1.2.4 | C16: Pembuatan 1 m2 direksi keet (Kantor), los kerja dan gudang | D16: m2 | E16: 209000 | F16: 4972535 | G16: 0 | H16: 5699688
A17: 14 | B17: 1.1.2.5 | C17: Pembuatan 1 m2 jalan sementara lapis macadam | D17: m2 | E17: 28642.5 | F17: 654584 | G17: 560772.38 | H17: 1368398
A18: 15 | B18: 1.1.2.6 | C18: Pembuatan 1 m2 jalan sementara (Jalan Tanah) | D18: m2 | E18: 0 | F18: 0 | G18: 0 | H18: 1281336
A19: 16 | B19: 1.1.2.7 | C19: Pembuatan 1 m2 jalan sementara (Jalan Kerikil) | D19: m2 | E19: 0 | F19: 0 | G19: 0 | H19: 1343259
A20: 17 | B20: 1.1.3 | C20: Pembersihan dan Pengupasan Permukaan Tanah
A21: 18 | B21: 1.1.3.1 | C21: 1 m3 Pembersihan dan pengupasan permukaan tanah (striping) s.d. tanaman ∅ 2 cm | D21: m2 | E21: 0 | F21: 0 | G21: 0 | H21: 12100
A22: 19 | B22: 1.1.3.2 | C22: Tebas tebang 1 m2 tanaman/tumbuhan ∅ < 5 cm | D22: m2 | E22: 3600 | F22: 0 | G22: 0 | H22: 3960
A23: 20 | B23: 1.1.3.3. | C23: Tebas tebang 1 m 2 tanaman/tumbuhan ∅ >5 s.d. 15 cm | D23: m2 | E23: 0 | F23: 0 | G23: 0 | H23: 6600
A24: 21 | B24: 1.1.3.4 | C24: Tebas tebang 1 batang pohon/tumbuhan ∅ >15 s.d. 30 cm | D24: btg | E24: 0 | F24: 0 | G24: 0 | H24: 22341
A25: 22 | B25: 1.1.3.5 | C25: Tebas tebang 1 batang pohon/tumbuhan ∅ > 30 s.d 50 cm | D25: btg | E25: 1440 | F25: 0 | G25: 18750 | H25: 22209
A26: 23 | B26: 1.1.3.6 | C26: Tebas tebang 1 batang pohon/tumbuhan ∅ > 50 s.d 75 cm (diameter pohon diukur 1 m di atas permukaan tanah) | D26: btg | E26: 0 | F26: 0 | G26: 0 | H26: 48840
A27: 24 | B27: 1.1.3.7 | C27: Tebas tebang 1 batang pohon/tumbuhan ∅ > 75 cm (diameter pohon diukur 1 m di atas permukaan tanah) | D27: btg | E27: 30000 | F27: 0 | G27: 27000 | H27: 62700
A28: 25 | B28: 1.1.3.8 | C28: Gali dan cabut 1 tunggul pohon tanaman keras ∅ > 5 s.d. 15 cm (termasuk pembuangan sisa tunggul tanpa menutup kembali bekas lubang) | D28: tgl | E28: 17150 | F28: 0 | G28: 27000 | H28: 48565
A29: 26 | B29: 1.1.3.9 | C29: Gali dan cabut 1 tunggul pohon tanaman keras ∅ > 15 cm s.d. 30 cm (termasuk pembuangan sisa tunggul tanpa menutup kembali bekas lubang) | D29: tgl | E29: 20110 | F29: 0 | G29: 42000 | H29: 68321
A30: 27 | B30: 1.1.3.10 | C30: Gali dan cabut 1 tunggul pohon tanaman keras ∅ > 30 cm s.d. 50 cm (termasuk pembuangan sisa tunggul tanpa menutup kembali bekas lubang) | D30: tgl | E30: 21890 | F30: 0 | G30: 66000 | H30: 96679
A31: 28 | B31: 1.1.3.11 | C31: Gali dan cabut 1 tunggul pohon tanaman keras ∅ > 50 cm s.d. 75 cm (termasuk pembuangan sisa tunggul tanpa menutup kembali bekas lubang) | D31: tgl | E31: 0 | F31: 0 | G31: 0 | H31: 149985
A32: 29 | B32: 1.1.3.12 | C32: Gali dan cabut 1 tunggul pohon tanaman keras ∅ > 75 cm (termasuk pembuangan sisa tunggul tanpa menutup kembali bekas lubang) | D32: tgl | E32: 41190 | F32: 0 | G32: 157200 | H32: 218229
... A37: 34 | B37: 1.1.3.17 | C37: Gali dan cabut 1 tunggul pohon tanaman keras ∅ > 75 cm (termasuk pembuangan sisa tunggul dengan menutup kembali bekas lubang) | D37: m' | E37: 90000 | F37: 0 | G37: 157200 | H37: 271920
A38: 35 | B38: 1.1.4 | C38: Pengukuran dan Pasangan Bouwplank
A39: 36 | B39: 1.1.4.1 | C39: Pengukuran ulang topografi seluas 1 Ha | D39: Ha | E39: 1193750 | F39: 1560423.9 | G39: 225000 | H39: 3277091
A40: 37 | B40: 1.1.4.2 | C40: Pasangan 1 m' bouwplank | D40: m' | E40: 2415 | F40: 152919.6 | G40: 600 | H40: 171528
A41: 38 | B41: 1.1.4.3 | C41: Patok Kayu (kaso5/7) Panjang 0,5 m' | D41: m' | E41: 1610 | F41: 171933.6 | G41: 400 | H41: 191337
A42: 39 | B42: 1.1.4.4 | C42: 1 Buah Patok Kayu (Kaso 5/7) panjang 1 m' | D42: m' | E42: 2415 | F42: 74898.7 | G42: 450 | H42: 85540
A43: 40 | B43: 1.1.4.5 | C43: Patok Tetap Bantu (PTB) | D43: m' | E43: 81797.613 | F43: 49350 | G43: 0 | H43: 144262
A44: 41 | B44: 1.1.4.6 | C44: Patok Tetap Utama (PTU) | D44: m' | E44: 168621.28 | F44: 27594.5 | G44: 0 | H44: 215837
A45: 42 | B45: 1.2 | C45: PEKERJAAN GALIAN TANAH
A46: 43 | B46: 1.2.1 | C46: Tanah Biasa
A47: 44 | B47: 1.2.1.1 | C47: Cara Manual
A48: 45 | B48: 1.2.1.1.1 | C48: Penggalian 1 m3 tanah biasa sedalam 0 s.d. 1 m untuk volume s.d. 200 m3 secara manual | D48: m3 | E48: 0 | F48: 0 | G48: 0 | H48: 90860
A49: 46 | B49: 1.2.1.1.2 | C49: Penggalian 1 m3 tanah biasa sedalam 0 s.d. 1 m untuk volume 200 m3 s.d 2.000 m3 secara manual | D49: m3 | E49: 0 | F49: 0 | G49: 0 | H49: 74316
A50: 47 | B50: 1.2.1.1.3 | C50: Penggalian 1 m3 tanah biasa sedalam 0 s.d. 1 m untuk volume > 2.000 m3 secara Manual | D50: m3 | E50: 0 | F50: 0 | G50: 0 | H50: 52800
A51: 48 | B51: 1.2.1.1.4 | C51: Penggalian 1 m3 tanah biasa sedalam > 1 s.d. 2 m untuk volume s.d 200 m3 secara manual | D51: m3 | E51: 0 | F51: 0 | G51: 0 | H51: 108900
A52: 49 | B52: 1.2.1.1.5 | C52: Penggalian 1 m3 tanah biasa sedalam > 1 s.d. 2 m untuk volume > 200 m3 secara manual | D52: m3 | E52: 0 | F52: 0 | G52: 0 | H52: 89100
A53: 50 | B53: 1.2.1.1.6 | C53: Penggalian 1 m3 tanah biasa sedalam > 2 s.d. 3 m untuk volume s.d 200 m3 secara manual | D53: m3 | E53: 0 | F53: 0 | G53: 0 | H53: 130240
A54: 51 | B54: 1.2.1.1.7 | C54: Penggalian 1 m3 tanah biasa sedalam > 2 s.d. 3 m untuk volume > 200 m3 secara manual | D54: m3 | E54: 0 | F54: 0 | G54: 0 | H54: 100320
A55: 52 | B55: 1.2.1.1.8 | C55: Penggalian 1 m3 tanah biasa sedalam > 3 m, setiap penambahan kedalaman 1 m secara manual | D55: m3 | E55: 0 | F55: 0 | G55: 0 | H55: 9900
A56: 53 | B56: 1.2.1.2 | C56: Cara Semi Mekanis
A57: 54 | B57: 1.2.1.2.1 | C57: Penggalian 1 m3 tanh biasa sedalam > 0 s.d 1 m secara semi mekanis | D57: m3 | E57: 0 | F57: 0 | G57: 0 | H57: 131670
A58: 55 | B58: 1.2.1.2.2 | C58: Penggalian 1 m3 tanah biasa sedalam >1 s.d 2 m secara semi mekanis | D58: m3 | E58: 0 | F58: 0 | G58: 0 | H58: 143726
A59: 56 | B59: 1.2.1.2.3 | C59: Penggalian 1 m3 tanah biasa sedalam >2 s.d 3 m secara semi mekanis | D59: m3 | E59: 0 | F59: 0 | G59: 0 | H59: 159500
A60: 57 | B60: 1.2.1.2.4 | C60: Penggalian 1 m3 tanah biasa > 3 m untuk setiap penambahan kedalaman 1 m secara semi mekanis | D60: m3 | E60: 0 | F60: 0 | G60: 0 | H60: 17490
A61: 58 | B61: 1.2.2 | C61: Pasir
A62: 59 | B62: 1.2.2.1 | C62: Cara Manual
A63: 60 | B63: 1.2.2.1.1 | C63: Penggalian 1 m3 pasir sedalam >0 s.d 1 m secara manual | D63: m3 | E63: 0 | F63: 0 | G63: 0 | H63: 87120
A64: 61 | B64: 1.2.2.1.2 | C64: Penggalian 1 m3 pasir sedalam > 1 s.d 2 m secara manual | D64: m3 | E64: 0 | F64: 0 | G64: 0 | H64: 89760
A65: 62 | B65: 1.2.2.1.3 | C65: Penggalian 1 m3 pasir sedalam > 2 s.d 3 m secara manual | D65: m3 | E65: 0 | F65: 0 | G65: 0 | H65: 121440
A66: 63 | B66: 1.2.2.1.4 | C66: Penggalian 1 m3 pasir sedalam > 3 m tiap tambahan dalam 1 msecara manual | D66: m3 | E66: 0 | F66: 0 | G66: 0 | H66: 13200
A67: 64 | B67: 1.2.2.2 | C67: Cara Semi Mekanis
A68: 65 | B68: 1.2.2.2.1 | C68: Penggalian 1 m3 pasir sedalam > 0 s.d 1 m secara semi mekanis | D68: m3 | E68: 0 | F68: 0 | G68: 0 | H68: 45320
A69: 66 | B69: 1.2.2.2.2 | C69: Penggalian 1 m3 pasir sedalam > 1 s.d 2 m secara semi mekanis | D69: m3 | E69: 0 | F69: 0 | G69: 0 | H69: 51920
A70: 67 | B70: 1.2.2.2.3 | C70: Penggalian 1 m3 pasir sedalam > 2 s.d 3 m secara semi mekanis | D70: m3 | E70: 0 | F70: 0 | G70: 0 | H70: 59136
A71: 68 | B71: 1.2.2.2.4 | C71: Penggalian 1 m3 pasir sedalam > 3 m secara semi mekanis untuk setiap tambahan dalm 1 m | D71: m3 | E71: 0 | F71: 0 | G71: 0 | H71: 8756
A72: 69 | B72: 1.2.3 | C72: Tanah Berbatu
A73: 70 | B73: 1.2.3.1 | C73: Cara Manual
A74: 71 | B74: 1.2.3.1.1 | C74: Penggalian 1 m3 tanah berbatu sedalam > 0 s.d 1 m secara Manual | D74: m3 | E74: 0 | F74: 0 | G74: 0 | H74: 151582
A75: 72 | B75: 1.2.3.1.2 | C75: Penggalian 1 m3 tanah berbatu sedalam > 1 s.d 2 m secara Manual | D75: m3 | E75: 0 | F75: 0 | G75: 0 | H75: 198000
A76: 73 | B76: 1.2.3.1.3 | C76: Penggalian 1 m3 tanah berbatu sedalam > 2 s.d 3 m secara Manual | D76: m3 | E76: 0 | F76: 0 | G76: 0 | H76: 217800
A77: 74 | B77: 1.2.3.1.4 | C77: Penggalian 1 m3 tanah berbatu sedalam >3 m, setiap tambah dalam 1 m secara Manual | D77: m3 | E77: 0 | F77: 0 | G77: 0 | H77: 18480
A78: 75 | B78: 1.2.3.2 | C78: Cara Semi Mekanis
A79: 76 | B79: 1.2.3.2.1 | C79: Penggalian 1 m3 tanah berbatu sedalam > 0 s.d 1 m secara semi mekanis | D79: m3 | E79: 0 | F79: 0 | G79: 0 | H79: 231176
A80: 77 | B80: 1.2.3.2.2 | C80: Penggalian 1 m3 tanah berbatu sedalam > 1 s.d 2 m secara semi mekanis | D80: m3 | E80: 0 | F80: 0 | G80: 0 | H80: 252010
A81: 78 | B81: 1.2.3.2.3 | C81: Penggalian 1 m3 tanah berbatu sedalam > 2 s.d 3 m secara semi mekanis | D81: m3 | E81: 0 | F81: 0 | G81: 0 | H81: 279048
A82: 79 | B82: 1.2.3.2.4 | C82: Penggalian 1 m3 tanah berbatu sedalam > 3 , setiap tambahan dalam 1 m secara semi mekanis | D82: m3 | E82: 0 | F82: 0 | G82: 0 | H82: 31130
A83: 80 | B83: 1.2.4 | C83: Tanah Keras atau Cadas
A84: 81 | B84: 1.2.4.1 | C84: Cara Manual
A85: 82 | B85: 1.2.4.1.1 | C85: Penggalian 1 m3 cadas atau tanah keras sedalam > 0 s.d 1 m untuk volume s.d 200m3 secara manual | D85: m3 | E85: 0 | F85: 0 | G85: 0 | H85: 181500
A86: 83 | B86: 1.2.4.1.2 | C86: Penggalian 1 m3 cadas atau tanah keras sedalam > 0 s.d 1 m untuk volume > 200 m3 secara manual | D86: m3 | E86: 0 | F86: 0 | G86: 0 | H86: 140250
A87: 84 | B87: 1.2.4.1.3 | C87: Penggalian 1 m3 cadas atau tanah keras sedalam > 1 s.d 2 m untuk volume s.d 200 m3 secara manual | D87: m3 | E87: 0 | F87: 0 | G87: 0 | H87: 178200
A88: 85 | B88: 1.2.4.1.4 | C88: Penggalian 1 m3 cadas atau tanah keras sedalam > 1 s.d 2 m untuk volume > 200 m3 secara manual | D88: m3 | E88: 0 | F88: 0 | G88: 0 | H88: 183744
A89: 86 | B89: 1.2.4.1.5 | C89: Penggalian 1 m3 cadas atau tanah keras sedalam > 2 s.d 3 m untuk volume >s.d 200 m3 secara manual | D89: m3 | E89: 0 | F89: 0 | G89: 0 | H89: 198000
A90: 87 | B90: 1.2.4.1.6 | C90: Penggalian 1 m3 cadas atau tanah keras sedalam > 3 m tiap tambahan dalam 1 m secara manual | D90: m3 | E90: 0 | F90: 0 | G90: 0 | H90: 13200
A91: 88 | B91: 1.2.4.2 | C91: Cara Semi Mekanis
A92: 89 | B92: 1.2.4.2.1 | C92: Penggalian 1 m3 cadas atau tanah keras sedalam > 0 s.d 1 m secara semi mekanis | D92: m3 | E92: 0 | F92: 0 | G92: 0 | H92: 189332
A93: 90 | B93: 1.2.4.2.2 | C93: Penggalian 1 m3 cadas atau tanah keras sedalam > 1 s.d 2 m secara semi mekanis | D93: m3 | E93: 0 | F93: 0 | G93: 0 | H93: 206437
A94: 91 | B94: 1.2.4.2.3 | C94: Penggalian 1 m3 cadas atau tanah keras sedalam > 2 s.d 3 m secara semi mekanis | D94: m3 | E94: 0 | F94: 0 | G94: 0 | H94: 228844
A95: 92 | B95: 1.2.4.2.4 | C95: Penggalian 1 m3 cadas atau tanah keras sedalam > 3 m tiap tambahan dalam 1 m secara semi mekanis | D95: m3 | E95: 0 | F95: 0 | G95: 0 | H95: 23320
A96: 93 | B96: 1.2.5 | C96: Lumpur
A97: 94 | B97: 1.2.5.1 | C97: Cara Manual
A98: 95 | B98: 1.2.5.1.1 | C98: Penggalian 1 m3 galian lumpur sedalam >0 s.d 1 m untuk volume s.d 200 m3 secara manual | D98: m3 | E98: 0 | F98: 0 | G98: 0 | H98: 145200
A99: 96 | B99: 1.2.5.1.2 | C99: Penggalian 1 m3 galian lumpur sedalam >0 s.d 1 m untuk volume > 200 m3 secara manual | D99: m3 | E99: 0 | F99: 0 | G99: 0 | H99: 109560
A100: 97 | B100: 1.2.5.1.3 | C100: Penggalian 1 m3 galian lumpur sedalam > 1 m s.d 2 m untuk volume s.d 200 m3 secara manual | D100: m3 | E100: 0 | F100: 0 | G100: 0 | H100: 174240
A101: 98 | B101: 1.2.5.1.4 | C101: Penggalian 1 m3 galian lumpur sedalam > 1 m s.d 2 m untuk volume > 200 m3 secara manual | D101: m3 | E101: 0 | F101: 0 | G101: 0 | H101: 132000
A102: 99 | B102: 1.2.5.1.5 | C102: Penggalian 1 m3 galian lumpur sedalam > 2 m s.d 3 m secara manual | D102: m3 | E102: 0 | F102: 0 | G102: 0 | H102: 151800
A103: 100 | B103: 1.2.5.1.6 | C103: Penggalian 1 m3 galian lumpur sedalam > 3 m setiap tambahan dalam 1 m secara manual | D103: m3 | E103: 0 | F103: 0 | G103: 0 | H103: 19800
A104: 101 | B104: 1.2.5.2 | C104: Cara Semi Mekanis
A105: 102 | B105: 1.2.5.2.1 | C105: Penggalian 1 m3 lumpur sedalam >0 s.d 1 m secara semi mekanis | D105: m3 | E105: 0 | F105: 0 | G105: 0 | H105: 38830
...

Sheet Database_Harga
A1: DATABASE HARGA UPAH, BAHAN, DAN ALAT (CIPTA KARYA 2025)
A3: No | B3: Kode | C3: Nama Komponen | D3: Satuan | E3: Harga Satuan (Rp)
A4: NO | B4: Kode | C4: UPAH - MATERIAL - ALAT | D4: SATUAN
A5: 1 | C5: 2 | D5: 3 | E5: 4
A6: I. | C6: UPAH
A7: 1 | B7: L.01 | C7: Pekerja | D7: OH | E7: 100000
A8: 2 | B8: L.02 | C8: Tukang batu | D8: OH | E8: 145000
A9: 3 | B9: L.02 | C9: Tukang kayu | D9: OH | E9: 145000
A10: 4 | B10: L.02 | C10: Tukang besi | D10: OH | E10: 145000
A11: 5 | B11: L.02 | C11: Tukang cat | D11: OH | E11: 145000
B12: L.02 | C12: Tukang pelitur | D12: OH | E12: 145000
A13: 6 | B13: L.02 | C13: Tukang pipa | D13: OH | E13: 145000
A14: 7 | B14: L.02 | C14: Tukang penganyam bronjong | D14: OH | E14: 145000
A15: 8 | B15: L.02 | C15: Tukang tebas | D15: OH | E15: 145000
A16: 9 | B16: L.02 | C16: Tukang las | D16: OH | E16: 145000
A17: 10 | B17: L.02 | C17: Tukang las geotextile | D17: OH | E17: 145000
A18: 11 | B18: L.02 | C18: Tukang listrik | D18: OH | E18: 145000
A19: 12 | B19: L.02 | C19: Tukang alumunium | D19: OH | E19: 145000
A20: 13 | B20: L.02 | C20: Tukang kaca | D20: OH
A21: 14 | B21: L.02 | C21: Tukang erection | D21: OH | E21: 145000
A22: 15 | B22: L.02 | C22: Tukang tanam | D22: OH | E22: 145000
C23: Tukang Tanam | D23: OH | E23: 181250
C24: Kepala Tukang Tanam | D24: OH | E24: 218750
C25: Tukang pemelihara taman | D25: OH | E25: 145000
C26: Tukang pemelihara taman (115% Pekerja) | D26: OH | E26: 115000
A27: 10 | C27: Tukang gali | D27: OH | E27: 120000
A28: 11 | C28: Tukang aspal | D28: OH | E28: 120000
A29: 13 | B29: L.03 | C29: Kepala tukang | D29: OH | E29: 175000
A30: 14 | B30: L.04 | C30: Mandor | D30: OH | E30: 200000
A31: 21 | B31: L.05 | C31: Juru ukur | D31: OH | E31: 175000
A32: 28 | B32: L.06 | C32: Pembantu juru ukur | D32: OH | E32: 150000
A33: 24 | B33: L.07 | C33: Mekanik alat berat | D33: OH | E33: 220000
A34: 25 | B34: L.08 | C34: Operator alat berat | D34: OH | E34: 250000
A35: 30 | B35: L.09 | C35: Pembantu operator alat berat | D35: OH | E35: 130000
A36: 31 | B36: L.10 | C36: Sopir | D36: OH | E36: 200000
A37: 22 | B37: L.11 | C37: Kenek | D37: OH | E37: 135000
A38: 15 | C38: Administrasi bor | D38: OH | E38: 110000
A39: 16 | C39: Ahli geologist | D39: OH | E39: 400000
A40: 17 | C40: Ahli topografi | D40: OH | E40: 400000
A41: 18 | C41: Crew driller | D41: OH | E41: 125000
A42: 19 | C42: Driller | D42: OH | E42: 140000
A43: 20 | C43: Juru gambar | D43: OH | E43: 150000
A44: 23 | C44: Koordinator driller | D44: OH | E44: 155000
A45: 26 | C45: Operator pompa | D45: OH | E45: 130000
A46: 27 | C46: Pembantu driller | D46: OH | E46: 130000
A47: 29 | C47: Pembantu mekanik alat berat | D47: OH | E47: 130000
A48: 32 | C48: Supir kendaraan < 2 ton (termasuk sedan) | D48: OH | E48: 160000
B49: L.14.b | C49: Tenaga Terampil Operator | D49: OH | E49: 145000
C50: Tenaga Ahli Muda | D50: OH | E50: 145000
A51: II. | C51: MATERIAL
C52: MATERIAL TANAH DAN BATUAN
A53: 1 | C53: Agregat kasar | D53: m3 | E53: 385000
C54: Agregar Kasar | D54: kg | E54: 226.47059
C55: Agg Pokok | D55: m3 | E55: 350000
C56: Agg Pengunci | D56: m3 | E56: 360000
C57: Agg Penutup | D57: m3 | E57: 370000
A58: 2 | C58: Bata merah | D58: buah | E58: 700
A59: 3 | C59: Bata merah 5 x 11 x 22 cm (per m3) | D59: m3 | E59: 590000
A60: 4 | C60: Bata ringan | D60: m3 | E60: 703500
A61: 5 | C61: Bata ringan t=10 cm | D61: m3 | E61: 685800
A62: 6 | C62: Bata ringan tebal 10 cm | D62: buah | E62: 11000
A63: 7 | C63: Bata ringan tebal 20 cm | D63: buah | E63: 20000
A64: 8 | C64: Bata ringan tebal 7,5 cm | D64: buah | E64: 8500
A65: 9 | C65: Bata rooster | D65: buah | E65: 15000
C66: Bata Berongga Uk. 12x11x24 | D66: buah | E66: 15000
A67: 10 | C67: Batu alam andesit bakar | D67: m² | E67: 179300
A68: 11 | C68: Batu alam andesit non bakar | D68: m² | E68: 177500
A69: 12 | C69: Batu belah (base camp - lokasi pekerjaan) | D69: m3 | E69: 339861
A70: 13 | C70: Batu belah (quarry - base camp) | D70: m3 | E70: 235000
A71: 14 | C71: Batu belah (quarry - lokasi pekerjaan) | D71: m3 | E71: 286500
C72: Pasangan batu ukuran 20/50 t=40cm | D72: m3 | E72: 286500
C73: Fondasi pasangan batu | D73: m3 | E73: 286500
A74: 15 | C74: Batu belah (quarry) | D74: m3 | E74: 127500
A75: 16 | C75: Batu candi | D75: m² | E75: 152000
A76: 17 | C76: Batu kali (quarry - base camp) | D76: m3 | E76: 187400
A77: 18 | C77: Batu kali (quarry) | D77: m3 | E77: 142500
A78: 19 | C78: Batu Muka ukuran 12x18 cm | D78: m2 | E78: 97500
C79: Batu | D79: m3 | E79: 97500
A80: 20 | C80: Batu paras | D80: m3 | E80: 125000
A81: 21 | C81: Batu pecah | D81: kg | E81: 210
A82: 22 | C82: Batu pecah 3/5 | D82: m3 | E82: 363800
A83: 23 | C83: Batu pecah 5/7 | D83: m3 | E83: 351800
A84: 24 | C84: Batu putih | D84: m² | E84: 123000
A85: 25 | C85: Batu putih breksi | D85: m² | E85: 117700
A86: 26 | C86: Batu sikat | D86: kg | E86: 6000
A87: 27 | C87: Batu split 1/2 | D87: m3 | E87: 370200
A88: 28 | C88: Batu split 2/3 | D88: m3 | E88: 352300
C89: Koral Beton | D89: m3 | E89: 352300
A90: 29 | C90: Batu tempel hitam | D90: m3 | E90: 121600
A91: 30 | C91: Fly ash | D91: kg | E91: 600
A92: 31 | C92: HB-10 | D92: buah | E92: 12000
A93: 32 | C93: HB-15 | D93: buah | E93: 12000
A94: 33 | C94: HB-20 | D94: buah | E94: 13000
C95: Kerikil | D95: kg | E95: 210
C96: Kerikil | D96: m3 | E96: 352300
A97: 34 | C97: Koral bulat | D97: m3 | E97: 225000
A98: 35 | C98: Pasir Beton | D98: kg | E98: 300
C99: Pasir Beton | D99: m3 | E99: 370200
A100: 36 | C100: Pasir beton (Base camp - lokasi pekerjaan) | D100: m3 | E100: 422600
A101: 37 | C101: Pasir beton (quarry - Base camp) | D101: m3 | E101: 325200
...

Sheet Analisa_Alat
A1: FORM ANALISA HARGA SATUAN ALAT
A2: No | B2: Uraian | C2: Kode | D2: Satuan | E2: Koefisien/Rumus | F2: Nilai (Rp)
A3: 1 | B3: Harga Pokok Alat | C3: A | D3: Rp | F3: 100000000
A4: 2 | B4: Umur Ekonomis | C4: W | D4: Tahun | F4: 5
A5: 3 | B5: Jam Kerja Per Tahun | C5: W_jam | D5: Jam | F5: 2000
A6: 4 | B6: Biaya Pasti (Penyusutan) | C6: E | D6: Rp | E6: =(A - 10%A)*15% / W_jam -> #ERROR! | F6: =(F3-(0.1*F3))*0.15 / F5 -> 6750
A7: 5 | B7: Biaya Operasi (BBM, Pelumas, Perawatan) | C7: K | D7: Rp | E7: Estimasi Manual | F7: 50000
A8: 6 | B8: Total Biaya Sewa per Jam | C8: Total | D8: Rp | E8: =E + K -> #NAME? | F8: =F6+F7 -> 56750
