Workbook

Sheet 1_Summary_RAB
B2: SUMMARY RENCANA ANGGARAN BIAYA & SMKK
B4: A. REKAPITULASI BIAYA
B5: 1. Total Biaya Konstruksi Murni | C5: ='2_RAB_Detail'!G35
B6: 2. Total Biaya K3 / SMKK (Manual Input jika ada) | C6: 0
B7: GRAND TOTAL BIAYA PROYEK | C7: =C5+C6
B8: TERBILANG: | C8: =Terbilang(C7) & " Rupiah"

Sheet 2_RAB_Detail
A1: RENCANA ANGGARAN BIAYA (RAB) MANUAL
A2: Ketik/Pilih Kode AHSP pada kolom B (Kuning), Harga Satuan akan ditarik secara otomatis!
A4: No | B4: Kode AHSP | C4: Uraian Pekerjaan | D4: Satuan | E4: Volume (Input) | F4: Harga Satuan (Rp) | G4: Jumlah Harga (Rp)
A5: 1 | B5: 1.2.1.1.1 | C5: =IF(ISBLANK(B5), "", IF(ISNA(VLOOKUP(B5,'3_Daftar_AHSP'!A:E,3,FALSE)), "Kode Salah", VLOOKUP(B5,'3_Daftar_AHSP'!A:E,3,FALSE))) | D5: =IF(ISBLANK(B5), "", IF(ISNA(VLOOKUP(B5,'3_Daftar_AHSP'!A:E,4,FALSE)), "", VLOOKUP(B5,'3_Daftar_AHSP'!A:E,4,FALSE))) | E5: 45 | F5: =IF(ISBLANK(B5), 0, IF(ISNA(VLOOKUP(B5,'3_Daftar_AHSP'!A:E,5,FALSE)), 0, VLOOKUP(B5,'3_Daftar_AHSP'!A:E,5,FALSE))) | G5: =IF(ISNUMBER(E5),E5*F5,0)
A6: 2 | C6: =IF(ISBLANK(B6), "", IF(ISNA(VLOOKUP(B6,'3_Daftar_AHSP'!A:E,3,FALSE)), "Kode Salah", VLOOKUP(B6,'3_Daftar_AHSP'!A:E,3,FALSE))) | D6: =IF(ISBLANK(B6), "", IF(ISNA(VLOOKUP(B6,'3_Daftar_AHSP'!A:E,4,FALSE)), "", VLOOKUP(B6,'3_Daftar_AHSP'!A:E,4,FALSE))) | F6: =IF(ISBLANK(B6), 0, IF(ISNA(VLOOKUP(B6,'3_Daftar_AHSP'!A:E,5,FALSE)), 0, VLOOKUP(B6,'3_Daftar_AHSP'!A:E,5,FALSE))) | G6: =IF(ISNUMBER(E6),E6*F6,0)
A7: 3 | C7: =IF(ISBLANK(B7), "", IF(ISNA(VLOOKUP(B7,'3_Daftar_AHSP'!A:E,3,FALSE)), "Kode Salah", VLOOKUP(B7,'3_Daftar_AHSP'!A:E,3,FALSE))) | D7: =IF(ISBLANK(B7), "", IF(ISNA(VLOOKUP(B7,'3_Daftar_AHSP'!A:E,4,FALSE)), "", VLOOKUP(B7,'3_Daftar_AHSP'!A:E,4,FALSE))) | F7: =IF(ISBLANK(B7), 0, IF(ISNA(VLOOKUP(B7,'3_Daftar_AHSP'!A:E,5,FALSE)), 0, VLOOKUP(B7,'3_Daftar_AHSP'!A:E,5,FALSE))) | G7: =IF(ISNUMBER(E7),E7*F7,0)
A8: 4 | C8: =IF(ISBLANK(B8), "", IF(ISNA(VLOOKUP(B8,'3_Daftar_AHSP'!A:E,3,FALSE)), "Kode Salah", VLOOKUP(B8,'3_Daftar_AHSP'!A:E,3,FALSE))) | D8: =IF(ISBLANK(B8), "", IF(ISNA(VLOOKUP(B8,'3_Daftar_AHSP'!A:E,4,FALSE)), "", VLOOKUP(B8,'3_Daftar_AHSP'!A:E,4,FALSE))) | F8: =IF(ISBLANK(B8), 0, IF(ISNA(VLOOKUP(B8,'3_Daftar_AHSP'!A:E,5,FALSE)), 0, VLOOKUP(B8,'3_Daftar_AHSP'!A:E,5,FALSE))) | G8: =IF(ISNUMBER(E8),E8*F8,0)
A9: 5 | C9: =IF(ISBLANK(B9), "", IF(ISNA(VLOOKUP(B9,'3_Daftar_AHSP'!A:E,3,FALSE)), "Kode Salah", VLOOKUP(B9,'3_Daftar_AHSP'!A:E,3,FALSE))) | D9: =IF(ISBLANK(B9), "", IF(ISNA(VLOOKUP(B9,'3_Daftar_AHSP'!A:E,4,FALSE)), "", VLOOKUP(B9,'3_Daftar_AHSP'!A:E,4,FALSE))) | F9: =IF(ISBLANK(B9), 0, IF(ISNA(VLOOKUP(B9,'3_Daftar_AHSP'!A:E,5,FALSE)), 0, VLOOKUP(B9,'3_Daftar_AHSP'!A:E,5,FALSE))) | G9: =IF(ISNUMBER(E9),E9*F9,0)
A10: 6 | C10: =IF(ISBLANK(B10), "", IF(ISNA(VLOOKUP(B10,'3_Daftar_AHSP'!A:E,3,FALSE)), "Kode Salah", VLOOKUP(B10,'3_Daftar_AHSP'!A:E,3,FALSE))) | D10: =IF(ISBLANK(B10), "", IF(ISNA(VLOOKUP(B10,'3_Daftar_AHSP'!A:E,4,FALSE)), "", VLOOKUP(B10,'3_Daftar_AHSP'!A:E,4,FALSE))) | F10: =IF(ISBLANK(B10), 0, IF(ISNA(VLOOKUP(B10,'3_Daftar_AHSP'!A:E,5,FALSE)), 0, VLOOKUP(B10,'3_Daftar_AHSP'!A:E,5,FALSE))) | G10: =IF(ISNUMBER(E10),E10*F10,0)
A11: 7 | C11: =IF(ISBLANK(B11), "", IF(ISNA(VLOOKUP(B11,'3_Daftar_AHSP'!A:E,3,FALSE)), "Kode Salah", VLOOKUP(B11,'3_Daftar_AHSP'!A:E,3,FALSE))) | D11: =IF(ISBLANK(B11), "", IF(ISNA(VLOOKUP(B11,'3_Daftar_AHSP'!A:E,4,FALSE)), "", VLOOKUP(B11,'3_Daftar_AHSP'!A:E,4,FALSE))) | F11: =IF(ISBLANK(B11), 0, IF(ISNA(VLOOKUP(B11,'3_Daftar_AHSP'!A:E,5,FALSE)), 0, VLOOKUP(B11,'3_Daftar_AHSP'!A:E,5,FALSE))) | G11: =IF(ISNUMBER(E11),E11*F11,0)
A12: 8 | C12: =IF(ISBLANK(B12), "", IF(ISNA(VLOOKUP(B12,'3_Daftar_AHSP'!A:E,3,FALSE)), "Kode Salah", VLOOKUP(B12,'3_Daftar_AHSP'!A:E,3,FALSE))) | D12: =IF(ISBLANK(B12), "", IF(ISNA(VLOOKUP(B12,'3_Daftar_AHSP'!A:E,4,FALSE)), "", VLOOKUP(B12,'3_Daftar_AHSP'!A:E,4,FALSE))) | F12: =IF(ISBLANK(B12), 0, IF(ISNA(VLOOKUP(B12,'3_Daftar_AHSP'!A:E,5,FALSE)), 0, VLOOKUP(B12,'3_Daftar_AHSP'!A:E,5,FALSE))) | G12: =IF(ISNUMBER(E12),E12*F12,0)
A13: 9 | C13: =IF(ISBLANK(B13), "", IF(ISNA(VLOOKUP(B13,'3_Daftar_AHSP'!A:E,3,FALSE)), "Kode Salah", VLOOKUP(B13,'3_Daftar_AHSP'!A:E,3,FALSE))) | D13: =IF(ISBLANK(B13), "", IF(ISNA(VLOOKUP(B13,'3_Daftar_AHSP'!A:E,4,FALSE)), "", VLOOKUP(B13,'3_Daftar_AHSP'!A:E,4,FALSE))) | F13: =IF(ISBLANK(B13), 0, IF(ISNA(VLOOKUP(B13,'3_Daftar_AHSP'!A:E,5,FALSE)), 0, VLOOKUP(B13,'3_Daftar_AHSP'!A:E,5,FALSE))) | G13: =IF(ISNUMBER(E13),E13*F13,0)
A14: 10 | C14: =IF(ISBLANK(B14), "", IF(ISNA(VLOOKUP(B14,'3_Daftar_AHSP'!A:E,3,FALSE)), "Kode Salah", VLOOKUP(B14,'3_Daftar_AHSP'!A:E,3,FALSE))) | D14: =IF(ISBLANK(B14), "", IF(ISNA(VLOOKUP(B14,'3_Daftar_AHSP'!A:E,4,FALSE)), "", VLOOKUP(B14,'3_Daftar_AHSP'!A:E,4,FALSE))) | F14: =IF(ISBLANK(B14), 0, IF(ISNA(VLOOKUP(B14,'3_Daftar_AHSP'!A:E,5,FALSE)), 0, VLOOKUP(B14,'3_Daftar_AHSP'!A:E,5,FALSE))) | G14: =IF(ISNUMBER(E14),E14*F14,0)
A15: 11 | C15: =IF(ISBLANK(B15), "", IF(ISNA(VLOOKUP(B15,'3_Daftar_AHSP'!A:E,3,FALSE)), "Kode Salah", VLOOKUP(B15,'3_Daftar_AHSP'!A:E,3,FALSE))) | D15: =IF(ISBLANK(B15), "", IF(ISNA(VLOOKUP(B15,'3_Daftar_AHSP'!A:E,4,FALSE)), "", VLOOKUP(B15,'3_Daftar_AHSP'!A:E,4,FALSE))) | F15: =IF(ISBLANK(B15), 0, IF(ISNA(VLOOKUP(B15,'3_Daftar_AHSP'!A:E,5,FALSE)), 0, VLOOKUP(B15,'3_Daftar_AHSP'!A:E,5,FALSE))) | G15: =IF(ISNUMBER(E15),E15*F15,0)
A16: 12 | C16: =IF(ISBLANK(B16), "", IF(ISNA(VLOOKUP(B16,'3_Daftar_AHSP'!A:E,3,FALSE)), "Kode Salah", VLOOKUP(B16,'3_Daftar_AHSP'!A:E,3,FALSE))) | D16: =IF(ISBLANK(B16), "", IF(ISNA(VLOOKUP(B16,'3_Daftar_AHSP'!A:E,4,FALSE)), "", VLOOKUP(B16,'3_Daftar_AHSP'!A:E,4,FALSE))) | F16: =IF(ISBLANK(B16), 0, IF(ISNA(VLOOKUP(B16,'3_Daftar_AHSP'!A:E,5,FALSE)), 0, VLOOKUP(B16,'3_Daftar_AHSP'!A:E,5,FALSE))) | G16: =IF(ISNUMBER(E16),E16*F16,0)
A17: 13 | C17: =IF(ISBLANK(B17), "", IF(ISNA(VLOOKUP(B17,'3_Daftar_AHSP'!A:E,3,FALSE)), "Kode Salah", VLOOKUP(B17,'3_Daftar_AHSP'!A:E,3,FALSE))) | D17: =IF(ISBLANK(B17), "", IF(ISNA(VLOOKUP(B17,'3_Daftar_AHSP'!A:E,4,FALSE)), "", VLOOKUP(B17,'3_Daftar_AHSP'!A:E,4,FALSE))) | F17: =IF(ISBLANK(B17), 0, IF(ISNA(VLOOKUP(B17,'3_Daftar_AHSP'!A:E,5,FALSE)), 0, VLOOKUP(B17,'3_Daftar_AHSP'!A:E,5,FALSE))) | G17: =IF(ISNUMBER(E17),E17*F17,0)
... A34: 30 | C34: =IF(ISBLANK(B34), "", IF(ISNA(VLOOKUP(B34,'3_Daftar_AHSP'!A:E,3,FALSE)), "Kode Salah", VLOOKUP(B34,'3_Daftar_AHSP'!A:E,3,FALSE))) | D34: =IF(ISBLANK(B34), "", IF(ISNA(VLOOKUP(B34,'3_Daftar_AHSP'!A:E,4,FALSE)), "", VLOOKUP(B34,'3_Daftar_AHSP'!A:E,4,FALSE))) | F34: =IF(ISBLANK(B34), 0, IF(ISNA(VLOOKUP(B34,'3_Daftar_AHSP'!A:E,5,FALSE)), 0, VLOOKUP(B34,'3_Daftar_AHSP'!A:E,5,FALSE))) | G34: =IF(ISNUMBER(E34),E34*F34,0)
A35: TOTAL BIAYA KONSTRUKSI (RAB DETAIL) | G35: =SUM(G5:G34)

Sheet 3_Daftar_AHSP
A1: DAFTAR HARGA SATUAN PEKERJAAN (AHSP SE BINKON 182/2025)
A2: No | B2: Kode AHSP | C2: Uraian Pekerjaan | D2: Satuan | E2: Harga Satuan Total (Rp)
A3: 1 | B3: 1.1.1.1 | C3: Pembuatan 1 m’ pagar sementara dari kayu tinggi 2 meter | D3: m' | E3: 787397
A4: 2 | B4: 1.1.1.2 | C4: Pembuatan 1 m’ pagar sementara dari seng gelombang rangka kayu tinggi 2 meter | D4: m' | E4: 635526
A5: 3 | B5: 1.1.1.3 | C5: Pembuatan 1 m’ pagar sementara dari kawat duri tinggi 2 meter | D5: m' | E5: 378239
A6: 4 | B6: 1.1.1.4 | C6: Pembuatan 1 m’ pagar sementara seng gelombang rangka baja L.40.40.4 tinggi pagar 1.8 meter | D6: m' | E6: 428906
A7: 5 | B7: 1.1.1.5 | C7: Pembuatan 1 m2 pagar BRC Galvanis | D7: m2 | E7: 17431
A8: 6 | B8: 1.1.1.6 | C8: Pemasangan 1 m2 panel beton pracetak 50x50x240 untuk pagar | D8: m2 | E8: 484982
A9: 7 | B9: 1.1.2 | C9: Alat dan/atau sarana penunjang | E9: 0
A10: 8 | B10: 1.1.2.1 | C10: 1 buah papan nama pekerjaan ukuran 0.8x1.2 menggunakan multiflex 18 mm, frame besi siku dan tiang kayu 8/12 | D10: buah | E10: 1909085
A11: 9 | B11: 1.1.2.2 | C11: 1 buah papan nama pekerjaan ukuran 0.6x08 menggunakan multiplex 10 mm, frame allumunium siku dan tiang kayu 5/7, printing banner plastik | D11: buah | E11: 702576
A12: 10 | B12: 1.1.2.3 | C12: Pembuatan 1 m2 kantor sementara/rumah jaga/gudang semen dan peralatan lantai plesteran, dinding setengah tembok | D12: m2 | E12: 3501283
A13: 11 | B13: 1.1.2.4 | C13: Pembuatan 1 m2 direksi keet (Kantor), los kerja dan gudang | D13: m2 | E13: 5699688
A14: 12 | B14: 1.1.2.5 | C14: Pembuatan 1 m2 jalan sementara lapis macadam | D14: m2 | E14: 1368398
A15: 13 | B15: 1.1.2.6 | C15: Pembuatan 1 m2 jalan sementara (Jalan Tanah) | D15: m2 | E15: 1281336
A16: 14 | B16: 1.1.2.7 | C16: Pembuatan 1 m2 jalan sementara (Jalan Kerikil) | D16: m2 | E16: 1343259
A17: 15 | B17: 1.1.3.1 | C17: 1 m3 Pembersihan dan pengupasan permukaan tanah (striping) s.d. tanaman ∅ 2 cm | D17: m2 | E17: 12100
A18: 16 | B18: 1.1.3.2 | C18: Tebas tebang 1 m2 tanaman/tumbuhan ∅ < 5 cm | D18: m2 | E18: 3960
A19: 17 | B19: 1.1.3.3. | C19: Tebas tebang 1 m 2 tanaman/tumbuhan ∅ >5 s.d. 15 cm | D19: m2 | E19: 6600
A20: 18 | B20: 1.1.3.4 | C20: Tebas tebang 1 batang pohon/tumbuhan ∅ >15 s.d. 30 cm | D20: btg | E20: 22341
A21: 19 | B21: 1.1.3.5 | C21: Tebas tebang 1 batang pohon/tumbuhan ∅ > 30 s.d 50 cm | D21: btg | E21: 22209
... A33: 31 | B33: 1.1.3.17 | C33: Gali dan cabut 1 tunggul pohon tanaman keras ∅ > 75 cm (termasuk pembuangan sisa tunggul dengan menutup kembali bekas lubang) | D33: m' | E33: 271920
A34: 32 | B34: 1.1.4 | C34: Pengukuran dan Pasangan Bouwplank | E34: 0
A35: 33 | B35: 1.1.4.1 | C35: Pengukuran ulang topografi seluas 1 Ha | D35: Ha | E35: 3277091
A36: 34 | B36: 1.1.4.2 | C36: Pasangan 1 m' bouwplank | D36: m' | E36: 171528
A37: 35 | B37: 1.1.4.3 | C37: Patok Kayu (kaso5/7) Panjang 0,5 m' | D37: m' | E37: 191337
A38: 36 | B38: 1.1.4.4 | C38: 1 Buah Patok Kayu (Kaso 5/7) panjang 1 m' | D38: m' | E38: 85540
A39: 37 | B39: 1.1.4.5 | C39: Patok Tetap Bantu (PTB) | D39: m' | E39: 144262
A40: 38 | B40: 1.1.4.6 | C40: Patok Tetap Utama (PTU) | D40: m' | E40: 215837
A41: 39 | B41: 1.2.1.1.1 | C41: Penggalian 1 m3 tanah biasa sedalam 0 s.d. 1 m untuk volume s.d. 200 m3 secara manual | D41: m3 | E41: 90860
A42: 40 | B42: 1.2.1.1.2 | C42: Penggalian 1 m3 tanah biasa sedalam 0 s.d. 1 m untuk volume 200 m3 s.d 2.000 m3 secara manual | D42: m3 | E42: 74316
A43: 41 | B43: 1.2.1.1.3 | C43: Penggalian 1 m3 tanah biasa sedalam 0 s.d. 1 m untuk volume > 2.000 m3 secara Manual | D43: m3 | E43: 52800
A44: 42 | B44: 1.2.1.1.4 | C44: Penggalian 1 m3 tanah biasa sedalam > 1 s.d. 2 m untuk volume s.d 200 m3 secara manual | D44: m3 | E44: 108900
A45: 43 | B45: 1.2.1.1.5 | C45: Penggalian 1 m3 tanah biasa sedalam > 1 s.d. 2 m untuk volume > 200 m3 secara manual | D45: m3 | E45: 89100
A46: 44 | B46: 1.2.1.1.6 | C46: Penggalian 1 m3 tanah biasa sedalam > 2 s.d. 3 m untuk volume s.d 200 m3 secara manual | D46: m3 | E46: 130240
... A645: 643 | B645: 3.11.2.4 | C645: Pemasangan 1 buah Jendela Kaca Upvc 1 daun ukuran 0,79 x 1,30 m | D645: buah | E645: 2224568
A646: 644 | B646: 3.11.3.1 | C646: Pemasangan 1 m' kusen aluminium | E646: 175583
A647: 645 | B647: 3.11.3.2 | C647: Pembuatan dan pemasangan 1 m’ kusen pintu dan kusen jendela, kayu kelas I uk. 6x12 cm | D647: m' | E647: 312778
A648: 646 | B648: 3.11.3.3 | C648: Pembuatan dan pemasangan 1 m’ kusen pintu dan kusen jendela, kayu kelas I uk. 6x15 cm | D648: m' | E648: 373278
A649: 647 | B649: 3.11.3.4 | C649: Pembuatan dan pemasangan 1 m’ kusen pintu dan kusen jendela, kayu kelas II atau III uk. 6x12 cm | D649: m' | E649: 189325
A650: 648 | B650: 3.11.3.5 | C650: Pembuatan dan pemasangan 1 m’ kusen pintu dan kusen jendela, kayu kelas II atau III uk. 6x15 cm | D650: m' | E650: 218244
A651: 649 | B651: 3.11.3.6 | C651: Pembuatan dan pemasangan 1 m2 jalusi kusen, kayu kelas I atau II | D651: m2 | E651: 1372349
A652: 650 | B652: 3.11.3.7 | C652: Pemasangan 1 buah Jalusi Upvc | D652: buah | E652: 71137
A653: 651 | B653: 3.11.3.8 | C653: Pemasangan 1 buah Kusen Bovenlight uPVC | D653: buah | E653: 313687
A654: 652 | B654: 3.11.4.1 | C654: Pemasangan 1 buah kunci tanam antik | D654: buah | E654: 276980
A655: 653 | B655: 3.11.4.2 | C655: Pemasangan 1 buah kunci tanam biasa | D655: buah | E655: 166595
A656: 654 | B656: 3.11.4.3 | C656: Pemasangan 1 buah kunci tanam kamar mandi | D656: buah | E656: 145255
A657: 655 | B657: 3.11.4.4 | C657: Pemasangan 1 buah kunci tanam silinder | D657: buah | E657: 170665
A658: 656 | B658: 3.11.4.5 | C658: Pemasangan 1 buah engsel pintu | D658: buah | E658: 64212
... A696: 694 | B696: 3.13.6 | C696: Pemasangan 1 buah Tangga Service tinggi 4 meter | D696: buah | E696: 1998249
A697: 695 | B697: 3.14.1 | C697: Pembuatan 1 m2 Plywood Rangkap, Rangka Expose Kayu Kelas I | E697: 924260
A698: 696 | B698: 3.14.2 | C698: Pembuatan 1 m2 Plywood Lapis Formika, Rangka Expose Kayu Kelas Ii | E698: 696780
A699: 697 | B699: 3.15.1 | C699: Pemasangan 1 buah jendela ornamen GRC | D699: buah | E699: 728417
A700: 698 | B700: 3.16.1.1 | C700: Pemasangan 1 buah Logo PU plat besi finish cat uk. 80x80 cm dengan scaffolding | D700: buah | E700: 931685
A701: 699 | B701: 3.16.1.2 | C701: Pemasangan Logo PU Pelat Besi Finish Cat ukuran 80x80 cm dengan gendola | D701: buah | E701: 22426690
A702: 700 | B702: 3.16.2 | C702: Pemasangan Signage Plat Baja Menggunakan Tiang | D702: buah | E702: 1731224
A703: 701 | B703: 3.16.2.1 | C703: Pemasangan Signage Plat Baja pada Dinding | D703: buah | E703: 1679601
A704: 702 | B704: 3.16.3 | C704: Pemasangan Signage dengan Acrylic | D704: buah | E704: 169180
A705: 703 | B705: 3.16.4 | C705: Pemasangan 1 m2 signage dengan cutting | D705: m2 | E705: 123249
A706: 704 | B706: 3.16.5 | C706: Pemasangan 1 m2 Marka dengan Cat Thermoplast | D706: n2 | E706: 138275
A707: 705 | B707: 3.16.6 | C707: Pemasangan 1 buah Logo PU Akrilik ukuran 40x40 cm | D707: buah | E707: 455757
A708: 706 | B708: 3.16.7 | C708: Pemasangan 1 buah Nomor Rumah Akrilik ukuran 15x30 cm | D708: buah | E708: 76257
A709: 707 | B709: 3.18.1.1 | C709: Pemasangan 1 buah wastafel | D709: buah | E709: 643786
A710: 708 | B710: 3.18.2.1 | C710: Pemasangan 1 buah Bak Cuci Piring Stainlessteel | D710: buah | E710: 666875
... A1003: 1001 | B1003: 4.1.7.12 | C1003: Penanaman pada Lereng Tanah dan/atau Kombinasi Tanah dan Batuan 1:0.5 (45°-63°), Metode Taplok per m2 Permukaan Lereng (Menggunakan Jenis Biji Legume Crop Cover/LCC) | D1003: m2 | E1003: 285269
A1004: 1002 | B1004: 4.1.8.1 | C1004: Cara Perhitungan AHSP Pengelolaan Tanah Tidak Subur | E1004: 0
A1005: 1003 | B1005: 4.1.8.2 | C1005: Pengolahan Tanah berPH 4,50-5,50 dan bertekstur Pasir 60,01%-100,00% atau tanah sandy per m3 | E1005: 76725
A1006: 1004 | B1006: 4.1.8.3 | C1006: Pengolahan Tanah berPH 4.50-5.50 dan Bertekstur Liat 40.01% - 60.00% atau Tanah Sandy Loam per m3 | E1006: 76725
A1007: 1005 | B1007: 4.1.8.4 | C1007: Pengolahan Tanah berPH 4.50-5.50 dan Bertekstur Liat 60.01% - 100.00% atau Tanah Loam To Clay Loam per m3 | E1007: 118998
A1008: 1006 | B1008: 4.1.8.5 | C1008: Pengolahan Tanah berPH 3.50-4.49 dan Bertekstur Liat 60.01% - 100.00% atau Tanah Sandy per m3 | E1008: 77407
A1009: 1007 | B1009: 4.1.8.6 | C1009: Pengolahan Tanah berPH 3.50-4.49 dan Bertekstur Liat 40.01% - 60.00% atau Tanah Sandy Loam per m3 | E1009: 77682
A1010: 1008 | B1010: 4.1.8.7 | C1010: Pengolahan Tanah berPH 3.50-4.49 dan Bertekstur Liat 60.01% - 100.00% atau Tanah Loam To Clay Loam per m3 | E1010: 120362
A1011: 1009 | B1011: 4.1.8.8 | C1011: Pengolahan Tanah berPH >7.5 per m3 | E1011: 77104
A1012: 1010 | B1012: 4.1.8.9 | C1012: Pengolahan Tanah berPH >7.5 dan Bertekstur Pasir 60.01% - 100.00% atau Tanah Sandy per m3 | E1012: 77682
A1013: 1011 | B1013: 4.1.8.10 | C1013: Pengolahan Tanah berPH >7.5 dan Bertekstur Liat 40.01% - 60.00% atau Tanah Sandy Loam per m3 | E1013: 77104
A1014: 1012 | B1014: 4.1.8.11 | C1014: Pengolahan Tanah berPH >7.5 dan Bertekstur Liat 60.01% - 100.00% atau Tanah Loam To Clay Loam per m3 | E1014: 118932
A1015: 1013 | B1015: 4.1.9.1 | C1015: Pengolahan Tanah bertekstur liat 40,01%-60,00% atau tanah Sandy per m3 | D1015: m3 | E1015: 75124
A1016: 1014 | B1016: 4.1.9.2 | C1016: Pengolahan Tanah bertekstur liat 60,01%-100,00% atau tanah Sandy Loam per m3 | D1016: m2 | E1016: 116900
A1017: 1015 | B1017: 4.1.9.3 | C1017: Pengolahan Tanah bertekstur liat 60,01%-100,00% atau tanah Loam to Clay Loam per m3 | D1017: m3 | E1017: 75702
A1018: 1016 | B1018: 4.1.10.1 | C1018: Peyiraman untuk 1 hari ( dengan selang plastik 3/4 ich) untuk 1 buah pohon/palem | D1018: hari | E1018: 3315
A1019: 1017 | B1019: 4.1.10.2 | C1019: Peyiraman untuk 1 m2 Semak/Penutup tanah untuk 1 hari ( dengan selang plastik 3/4 ich) | D1019: m2 | E1019: 1863
A1020: 1018 | B1020: 4.1.10.3 | C1020: Peyiraman untuk 1 m2 Rumput untuk 1 hari ( dengan selang plastik 3/4 ich) | D1020: m2 | E1020: 2552
A1021: 1019 | B1021: 4.1.10.4 | C1021: Peyiraman untuk 1 m2 Semak/Penutup Tanah untuk 1 hari ( dengan Sprinkler) *Sistem Sprinkler tersedia | D1021: m2 | E1021: 1847
A1022: 1020 | B1022: 4.1.10.5 | C1022: Peyiraman untuk 1 m2 Rumput untuk 1 hari ( dengan Sprinkler) *Sistem Sprinkler tersedia | D1022: m2 | E1022: 2452
A1023: 1021 | B1023: 4.1.11.1 | C1023: Penyiraman untuk 1 hari (dengan Selang Plastik 3/4 inch) untuk 1 buah pohon/palem di tanah tidak subur di lahan datar dan tidak memiliki jaringa air yang baik | D1023: hari | E1023: 7192
A1024: 1022 | B1024: 4.1.11.2 | C1024: Penyiraman untuk 1 Hari (dengan Selang Plastik 3/4 inch) untuk 1 m2 Semak/Penutup Tanah di Tanah Tidak Subur di Lahan Datar dan Tidak Memiliki Jaringan Air Yang Baik | D1024: hari/m2 | E1024: 4570
A1025: 1023 | B1025: 4.1.11.3 | C1025: Penyiraman untuk 1 Hari (dengan Selang Plastik 3/4 inch) untuk 1 m2 Rumput di Tanah Tidak Subur di Lahan Datar dan Tidak Memiliki Jaringan Air Yang Baik | D1025: hari/m2 | E1025: 5780
A1026: 1024 | B1026: 4.1.11.4 | C1026: Penyiraman untuk 1 Hari (dengan Selang Plastik 3/4 inch) untuk 1 m2 Rumput di Tanah Tidak Subur di Lahan Datar dan Tidak Memiliki Jaringan Air Yang Baik | D1026: hari/m2 | E1026: 5780
... A1061: 1059 | B1061: 4.2.5.3 | C1061: Penyemprotan Pestisida (Fungisida /Insektisida) dengan Sprayer Gendong 1 Kali untuk 1 m2 Penutup Tanah/Rumput | D1061: m2 | E1061: 1264
A1062: 1060 | B1062: 4.2.6 | C1062: Pembersihan Lahan (Menyapu) | E1062: 0
A1063: 1061 | B1063: 4.2.6.1 | C1063: Pembersihan (Penyapuan) 1 m2 Area Tanam | D1063: m2 | E1063: 31
A1064: 1062 | B1064: 4.2.7.1 | C1064: Pencabutan Gulma (Intensitas Gulma di Atas 50%) 1 m2 Rumput | D1064: m2 | E1064: 2728
A1065: 1063 | B1065: 4.2.7.2 | C1065: Pencabutan Gulma (Intensitas Gulma di Atas 20%) 1 m2 Rumput | D1065: m2 | E1065: 1650
A1066: 1064 | B1066: 4.3.1 | C1066: Pembuatan dan pemasangan 1 buah Tong Sampah Kaleng 2 Tabung dengan Rangka Hollow 30x60 | D1066: buah | E1066: 454652
A1067: 1065 | B1067: 5.1.1.1.1 | C1067: Pemasangan 1 m' kabel NYY 1 x 4 mm² | D1067: m' | E1067: 19497
A1068: 1066 | B1068: 5.1.1.1.2 | C1068: Pemasangan 1 m' kabel NYY 1 x 6 mm² | D1068: m' | E1068: 25190
A1069: 1067 | B1069: 5.1.1.1.3 | C1069: Pemasangan 1 m' kabel NYY 1 x 10 mm² | D1069: m' | E1069: 32780
A1070: 1068 | B1070: 5.1.1.1.4 | C1070: Pemasangan 1 m' kabel NYY 1 x 16 mm² | D1070: m' | E1070: 55550
A1071: 1069 | B1071: 5.1.1.1.5 | C1071: Pemasangan 1 m' kabel NYY 1 x 25 mm² | D1071: m' | E1071: 83088
A1072: 1070 | B1072: 5.1.1.1.6 | C1072: Pemasangan 1 m' kabel NYY 1 x 35 mm² | D1072: m' | E1072: 110000
...

Sheet 4_Detail_AHSP
A1: DETAIL URAIAN ANALISA HARGA SATUAN PEKERJAAN (AHSP)
A2: Tabel ini merinci komposisi bahan, alat, dan pekerja untuk setiap kode AHSP
A4: KODE: 1.1.1.1 - Pembuatan 1 m’ pagar sementara dari kayu tinggi 2 meter
A5: No | B5: Uraian Komponen | C5: Satuan | D5: Koef | E5: Harga Satuan (Rp) | F5: Jumlah Harga (Rp)
A6: 1 | B6: Pekerja OH | C6: 0.6 | D6: 100000 | E6: 60000 | F6: 0.1
A7: 2 | B7: Tukang kayu | C7: OH | D7: 0.2 | E7: 145000 | F7: 29000
A8: 3 | B8: Tukang batu | C8: OH | D8: 0.2 | E8: 145000 | F8: 29000
A9: 4 | B9: Kepala tukang | C9: OH | D9: 0.04 | E9: 175000 | F9: 7000
A10: 5 | B10: Mandor | C10: OH | D10: 0.013 | E10: 200000 | F10: 2600
A11: 1 | B11: Kaso 5/7 kayu kelas II | C11: m3 | D11: 0.0387 | E11: 10214200 | F11: 395289.54
A12: 2 | B12: Papan Kayu ukuran 2/20 cm | C12: m3 | D12: 0.0396 | E12: 2500000 | F12: 99000
A13: 3 | B13: Paku biasa 5 inchi | C13: kg | D13: 0.5872 | E13: 20000 | F13: 11744
A14: 4 | B14: Semen Portland (PC) | C14: kg | D14: 26.406 | E14: 1300 | F14: 34327.8
A15: 5 | B15: Pasir Beton | C15: kg | D15: 61.56 | E15: 300 | F15: 18468
A16: 6 | B16: Kerikil | C16: kg | D16: 83.349 | E16: 210 | F16: 17503.29
A17: 7 | B17: Air | C17: liter | D17: 17.415 | E17: 200 | F17: 3483
A18: 8 | B18: Residu | C18: liter | D18: 0.4 | E18: 21000 | F18: 8400
D19: SUBTOTAL UPAH | F19: 127600
D20: SUBTOTAL BAHAN | F20: 588215.63
D21: SUBTOTAL ALAT | F21: 0
E22: TOTAL HARGA SATUAN (Inc. Overhead) | F22: 787397
A24: KODE: 1.1.1.2 - Pembuatan 1 m’ pagar sementara dari seng gelombang rangka kayu tinggi 2 meter
A25: No | B25: Uraian Komponen | C25: Satuan | D25: Koef | E25: Harga Satuan (Rp) | F25: Jumlah Harga (Rp)
A26: 1 | B26: Pekerja | C26: OH | D26: 0.25 | E26: 100000 | F26: 25000
A27: 2 | B27: Tukang kayu | C27: OH | D27: 0.125 | E27: 145000 | F27: 18125
A28: 3 | B28: Tukang batu | C28: OH | D28: 0.125 | E28: 145000 | F28: 18125
A29: 4 | B29: Kepala tukang | C29: OH | D29: 0.025 | E29: 175000 | F29: 4375
A30: 5 | B30: Mandor | C30: OH | D30: 0.008 | E30: 200000 | F30: 1600
A31: 1 | B31: Kaso 5/7 kayu kelas II | C31: m3 | D31: 0.031 | E31: 10214200 | F31: 316640.2
A32: 2 | B32: Seng gelombang | C32: lembar | D32: 1.3125 | E32: 85000 | F32: 111562.5
A33: 3 | B33: Paku biasa 5 inchi | C33: kg | D33: 0.4271 | E33: 20000 | F33: 8542
A34: 4 | B34: Semen Portland (PC) | C34: kg | D34: 26.406 | E34: 1300 | F34: 34327.8
A35: 5 | B35: Pasir beton | C35: kg | D35: 61.56 | E35: 300 | F35: 18468
A36: 6 | B36: Kerikil | C36: kg | D36: 83.349 | E36: 210 | F36: 17503.29
A37: 7 | B37: Air | C37: liter | D37: 17.415 | E37: 200 | F37: 3483
D38: SUBTOTAL UPAH | F38: 67225
D39: SUBTOTAL BAHAN | F39: 510526.79
D40: SUBTOTAL ALAT | F40: 0
E41: TOTAL HARGA SATUAN (Inc. Overhead) | F41: 635526
A43: KODE: 1.1.1.3 - Pembuatan 1 m’ pagar sementara dari kawat duri tinggi 2 meter
A44: No | B44: Uraian Komponen | C44: Satuan | D44: Koef | E44: Harga Satuan (Rp) | F44: Jumlah Harga (Rp)
A45: 1 | B45: Pekerja | C45: OH | D45: 0.308 | E45: 100000 | F45: 30800
A46: 2 | B46: Tukang kayu | C46: OH | D46: 0.154 | E46: 145000 | F46: 22330
A47: 3 | B47: Tukang batu | C47: OH | D47: 0.154 | E47: 145000 | F47: 22330
A48: 4 | B48: Kepala tukang | C48: OH | D48: 0.031 | E48: 175000 | F48: 5425
A49: 5 | B49: Mandor | C49: OH | D49: 0.01 | E49: 200000 | F49: 2000
A50: 1 | B50: Kaso 5/7 kayu kelas II | C50: m3 | D50: 0.0139 | E50: 10214200 | F50: 141977.38
A51: 2 | B51: Kawat duri | C51: m' | D51: 20.4457 | E51: 1750 | F51: 35779.975
A52: 3 | B52: Paku biasa 5 inchi | C52: kg | D52: 0.4715 | E52: 20000 | F52: 9430
A53: 4 | B53: Semen Portland (PC) | C53: kg | D53: 26.406 | E53: 1300 | F53: 34327.8
A54: 5 | B54: Pasir beton | C54: kg | D54: 61.56 | E54: 300 | F54: 18468
A55: 6 | B55: Kerikil | C55: Kg | D55: 83.349 | E55: 210 | F55: 17503.29
A56: 7 | B56: Air | C56: liter | D56: 17.415 | E56: 200 | F56: 3483
D57: SUBTOTAL UPAH | F57: 82885
D58: SUBTOTAL BAHAN | F58: 260969.45
D59: SUBTOTAL ALAT | F59: 0
E60: TOTAL HARGA SATUAN (Inc. Overhead) | F60: 378239
A62: KODE: 1.1.1.4 - Pembuatan 1 m’ pagar sementara seng gelombang rangka baja L.40.40.4 tinggi pagar 1.8 meter
A63: No | B63: Uraian Komponen | C63: Satuan | D63: Koef | E63: Harga Satuan (Rp) | F63: Jumlah Harga (Rp)
A64: 1 | B64: Pekerja | C64: OH | D64: 0.2 | E64: 100000 | F64: 20000
A65: 2 | B65: Tukang besi | C65: OH | D65: 0.1 | E65: 145000 | F65: 14500
A66: 3 | B66: Tukang batu | C66: OH | D66: 0.1 | E66: 145000 | F66: 14500
A67: 4 | B67: Mandor | C67: OH | D67: 0.02 | E67: 200000 | F67: 4000
A68: 2 | B68: Seng gelombang bjls 30 panjang 180 cm | C68: lembar | D68: 1.2 | E68: 73300 | F68: 87960
A69: 3 | B69: Baja L 40.40.4 | C69: kg | D69: 13.5 | E69: 14840 | F69: 200340
A70: 4 | B70: Kawat seng 3mm | C70: kg | D70: 0.3 | E70: 18800 | F70: 5640
A71: 5 | B71: Pasangan batu ukuran 20/50 t=40cm | C71: m3 | D71: 0.15 | E71: 286500 | F71: 42975
D72: SUBTOTAL UPAH | F72: 53000
D73: SUBTOTAL BAHAN | F73: 336915
D74: SUBTOTAL ALAT | F74: 0
E75: TOTAL HARGA SATUAN (Inc. Overhead) | F75: 428906
A77: KODE: 1.1.1.5 - Pembuatan 1 m2 pagar BRC Galvanis
A78: No | B78: Uraian Komponen | C78: Satuan | D78: Koef | E78: Harga Satuan (Rp) | F78: Jumlah Harga (Rp)
A79: 1 | B79: Pekerja | C79: OH | D79: 0.042 | E79: 100000 | F79: 4200
A80: 2 | B80: Tukang kayu | C80: OH | D80: 0.04 | E80: 145000 | F80: 5800
A81: 3 | B81: Kepala tukang | C81: OH | D81: 0.004 | E81: 175000 | F81: 700
A82: 4 | B82: Mandor | C82: OH | D82: 0.001 | E82: 200000 | F82: 200
A83: 1 | B83: Kawat jaring panjang 240 cm | C83: lembar | D83: 0.01649 | E83: 300000 | F83: 4947
D84: SUBTOTAL UPAH | F84: 10900
D85: SUBTOTAL BAHAN | F85: 4947
D86: SUBTOTAL ALAT | F86: 0
E87: TOTAL HARGA SATUAN (Inc. Overhead) | F87: 17431
A89: KODE: 1.1.1.6 - Pemasangan 1 m2 panel beton pracetak 50x50x240 untuk pagar
A90: No | B90: Uraian Komponen | C90: Satuan | D90: Koef | E90: Harga Satuan (Rp) | F90: Jumlah Harga (Rp)
A91: 1 | B91: Pekerja | C91: OH | D91: 0.375 | E91: 100000 | F91: 37500
A92: 2 | B92: Tukang batu | C92: OH | D92: 0.125 | E92: 145000 | F92: 18125
A93: 3 | B93: Kepala tukang | C93: OH | D93: 0.0012 | E93: 175000 | F93: 210
A94: 4 | B94: Mandor | C94: OH | D94: 0.019 | E94: 200000 | F94: 3800
A95: 1 | B95: Panel beton pracetak | C95: lembar | D95: 0.986 | E95: 125000 | F95: 123250
A96: 2 | B96: Kolom beton pracetak | C96: batang | D96: 0.525 | E96: 282000 | F96: 148050
A97: 3 | B97: Semen Portland (PC) | C97: kg | D97: 45 | E97: 1300 | F97: 58500
A98: 4 | B98: Pasir beton | C98: m3 | D98: 0.074 | E98: 300 | F98: 22.2
A99: 5 | B99: Kerikil | C99: m3 | D99: 0.146 | E99: 352300 | F99: 51435.8
D100: SUBTOTAL UPAH | F100: 0
D101: SUBTOTAL BAHAN | F101: 0
D102: SUBTOTAL ALAT | F102: 0
E103: TOTAL HARGA SATUAN (Inc. Overhead) | F103: 484982
A105: KODE: 1.1.2.1 - 1 buah papan nama pekerjaan ukuran 0.8x1.2 menggunakan multiflex 18 mm, frame besi siku dan tiang kayu 8/12
A106: No | B106: Uraian Komponen | C106: Satuan | D106: Koef | E106: Harga Satuan (Rp) | F106: Jumlah Harga (Rp)
A107: 1 | B107: Pekerja | C107: OH | D107: 1 | E107: 100000 | F107: 100000
...

Sheet 5_Analisa_Alat
A1: DATABASE HARGA SEWA ALAT (STANDAR CIPTA KARYA)
A2: Daftar ini memuat seluruh alat berat & sewa mesin yang diekstrak dari Database Cipta Karya
A4: No | B4: Uraian Alat | C4: Satuan | D4: Harga Sewa Cipta Karya (Rp)
A5: 1 | B5: Sewa Tripot | C5: hari | D5: 108000
A6: 2 | B6: Gergaji Pipa | C6: hari | D6: 32500
A7: 3 | B7: Peralatan potong pipa T1/manual (gergaji) / saw | C7: hari | D7: 35000
A8: 4 | B8: Cilinder Saw | C8: hari | D8: 75000
A9: 5 | B9: Peralatan potong pipa T2/mekanik / cilinder saw | C9: hari | D9: 75000
A10: 6 | B10: Butt Fushion dan Genset | C10: hari | D10: 2500000
A11: 7 | B11: Compressor | C11: jam | D11: 92500
A12: 8 | B12: Asphalt Distributor | C12: jam | D12: 307300
A13: 9 | B13: Asphalt finisher | C13: jam | D13: 602500
A14: 10 | B14: Asphalt liquid mixer 1000 ℓ | C14: jam | D14: 61100
A15: 11 | B15: Asphalt mixing plant | C15: jam | D15: 6253800
A16: 12 | B16: Asphalt sprayer 850 ℓ | C16: jam | D16: 74900
... A152: 148 | B152: Truck Crane 5 ton | C152: jam | D152: 525000
A155: KALKULATOR PENYUSUTAN & BIAYA OPERASI ALAT BARU
A156: No | B156: Nama Alat | C156: Harga Pokok (Rp) | D156: Jam/Thn | E156: BBM (L/Jam) | F156: Penyusutan/Jam | G156: Opr/Jam | H156: Total Sewa/Jam
A157: 1 | B157: Excavator Custom | C157: 1200000000 | D157: 2000 | E157: 15 | F157: =((C157-0.1*C157)*0.15)/D157 | G157: =(E157*12000)+((0.125*C157)/D157) | H157: =F157+G157

Sheet 6_Analisa_SMKK
A1: ANALISA KESELAMATAN KONSTRUKSI (SMKK)
A2: No | B2: Rincian Item K3 | C2: Satuan | D2: Kuantitas | E2: Harga Satuan (Rp) | F2: Total (Rp)
B3: A. | C3: Sub total Penyiapan Dokumen penerapan SMKK
A4: 2 | B4: Sosialisasi, Promosi dan Pelatihan
B5: a | C5: Induksi Keselamatan Konstruksi (Safety Induction) | D5: Kegiatan
B6: b | C6: Pengarahan Keselamatan Konstruksi (Safety Briefing) (khusus untuk pekerja) | D6: Kegiatan
B7: c | C7: Pertemuan keselamatan (Safety Talk) (khusus untuk pekerja) | D7: Kegiatan
B8: d | C8: Tool Box Meeting
B9: e | C9: Rapat keselamatan konstruksi (Construction Safety Meeting) | D9: Kegiatan
B10: f | C10: Pelatihan kepedulian/ kesadaran (awareness) Keselamatan Konstruksi, antara lain:
B11: g | C11: Sosialisasi/penyuluhan HIV/AIDS/pencegahan penyakit menular | D11: Kegiatan
B12: h | C12: Simulasi Keselamatan Konstruksi (tanggap darurat) | D12: Kegiatan
B13: i | C13: Spanduk (banner) | D13: Lembar
B14: j | C14: Poster/leaflet | D14: Lembar
B15: k | C15: Papan Informasi Keselamatan konstruksi | D15: Bh
B16: B | C16: Subtotal Sosialisasi, Promosi dan Pelatihan
A17: 3 | B17: Alat Pelindung Kerja dan Alat Pelindung Diri
B18: a | C18: APK, antara lain :
B19: 1) | C19: 1) Jaring pengaman (safety net) | D19: m2
B20: b | C20: APD, antara lain :
B21: C | C21: Subtotal Alat Pelindung Kerja dan Alat Pelindung Diri
A22: 4 | B22: Asuransi:
B23: a | C23: Asuransi (Construction All Risk/CAR) | D23: Ls
B24: D | C24: Subtotal Asuransi
A25: 5 | B25: Personel Keselamatan Konstruksi:
B26: a | C26: Ahli K3 Konstruksi atau Ahli Keselamatan Konstruksi | D26: Org/Bln
B27: b | C27: Petugas Keselamatan Konstruksi atau Petugas K3 Konstruksi | D27: Org/Bln
B28: c | C28: Petugas tanggap darurat | D28: Org/Bln
B29: d | C29: Petugas pemadam kebakaran | D29: Org/Bln
B30: e | C30: Petugas P3K | D30: Org/Bln
B31: f | C31: Petugas pengatur lalu lintas/flagman | D31: Org/Bln
B32: g | C32: Tenaga medis dan/atau kesehatan (Dokter) | D32: Org/Bln
B33: h | C33: Petugas paramedis | D33: Org/Bln
B34: i | C34: Petugas pengelolaan lingkungan/petugas pengelola limbah B3 | D34: Org/Bln
B35: j | C35: Petugas pengelolaan lingkungan/petugas pengelola limbah B3 | D35: Org/Bln
B36: E | C36: Subtotal Personel Keselamatan Konstruksi
A37: 6 | B37: Fasilitas Sarana, Prasarana, dan Alat Kesehatan:
B38: a | C38: Peralatan P3K (Kotak P3K, Alat pengukur suhu badan, tandu, obat luka, dll) | D38: Set
B39: b | C39: Ruang P3K/Klinik | D39: Unit
B40: c | C40: Peralatan Pengasapan (Obat dan mesin fogging) | D40: Unit
B41: d | C41: Protokol kesehatan wabah menular | D41: Ls
B42: e | C42: Pemeriksaan psikotropika atau HIV | D42: Org
B43: f | C43: Ambulans (sewa) | D43: Unit
B44: g | C44: Tempat cuci tangan (wastafel) | D44: Unit
B45: F | C45: Subtotal Fasilitas, Sarana dan Prasarana Kesehatan
A46: 7 | B46: Fasilitas Sarana, Prasarana, dan Alat Kesehatan:
B47: a | C47: Rambu petunjuk | D47: Bh
B48: b | C48: Rambu larangan | D48: Bh
B49: c | C49: Rambu peringatan | D49: Bh
B50: d | C50: Rambu kewajiban | D50: Bh
B51: e | C51: Rambu informasi | D51: Bh
B52: f | C52: Rambu pekerjaan sementara | D52: Unit
B53: g | C53: Jalur Evakuasi (Petunjuk escape route) | D53: Unit
B54: h | C54: Kerucut lalu lintas (traffic cone) | D54: Unit
B55: i | C55: Lampu putar (rotary lamp) | D55: Unit
B56: j | C56: Lampu selang (Panjang 100 m) | D56: Roll
B57: k | C57: Pembatas Jalan (water barrier) | D57: Unit
B58: l | C58: Beton pembatas jalan (concrete barrier) | D58: m
... B64: r | C64: Lampu darurat (emergency lamp) | D64: Unit
B65: G | C65: Subtotal Rambu-rambu yang Diperlukan
A66: 8 | B66: Konsultasi dengan Ahli terkait Keselamatan Konstruksi:
B67: a | C67: Ahli Lingkungan | D67: OJ/OK
B68: b | C68: Ahli Teknik Jembatan | D68: OJ/OK
B69: c | C69: Ahli Teknik Bangunan Gedung | D69: OJ/OK
B70: d | C70: Ahli Perencana Struktur | D70: OJ/OK
B71: e | C71: Ahli Perencana Pondasi | D71: OJ/OK
B72: f | C72: Ahli Teknik Bendungan Besar | D72: OJ/OK
B73: g | C73: Ahli gempa | D73: OJ/OK
B74: h | C74: Ahli Teknik Likuifaksi | D74: OJ/OK
B75: i | C75: Ahli Teknik Landasan Terbang | D75: OJ/OK
B76: j | C76: Ahli mekanikal | D76: OJ/OK
B77: k | C77: Ahli pertambangan | D77: OJ/OK
B78: l | C78: Ahli peledakan | D78: OJ/OK
... B84: r | C84: dll | D84: OJ/OK
B85: H | C85: Subtotal Konsultasi dengan Ahli terkait Keselamatan Konstruksi
A86: 9 | B86: Kegiatan dan peralatan terkait Pengendalian Risiko Keselamatan Konstruksi:
B87: a | C87: Manajemen Mutu | D87: Ls
B88: b | C88: Testing and commissioning | D88: Ls
B89: c | C89: Alat Pemadam Api Ringan (APAR) (untuk kelas kebakaran a, b, c, dan d) | D89: Unit
B90: d | C90: Penangkal petir | D90: Unit
B91: e | C91: Anemometer dan windsock | D91: Unit
B92: f | C92: Bendera K3 | D92: Bh
B93: g | C93: Pembuatan Kartu Identitas Pekerja (KIP) | D93: Bh
B94: h | C94: Audit Internal | D94: Kegiatan
B95: i | C95: Patroli Keselamatan Konstruksi | D95: Kegiatan
B96: j | C96: Pengujian lingkungan* | D96: Set
B97: k | C97: Closed-circuit Television (CCTV) | D97: Unit
B98: l | C98: washing bay | D98: Unit
B99: I | C99: Subtotal Kegiatan dan peralatan terkait dengan Pengendalian Risiko Keselamatan Konstruksi:
E100: TOTAL BIAYA SMKK | F100: =SUM(F3:F99)

Sheet 7_Database_Upah
A1: DATABASE UPAH PEKERJA (SE BINKON 182/2025)
A2: No | B2: Kode | C2: Jenis Pekerja | D2: Satuan | E2: Harga Upah (Rp)
A3: 1 | B3: L.01 | C3: Pekerja | D3: OH | E3: 100000
A4: 2 | B4: L.02 | C4: Tukang batu | D4: OH | E4: 145000
A5: 3 | B5: L.02 | C5: Tukang kayu | D5: OH | E5: 145000
A6: 4 | B6: L.02 | C6: Tukang besi | D6: OH | E6: 145000
A7: 5 | B7: L.02 | C7: Tukang cat | D7: OH | E7: 145000
B8: L.02 | C8: Tukang pelitur | D8: OH | E8: 145000
A9: 6 | B9: L.02 | C9: Tukang pipa | D9: OH | E9: 145000
A10: 7 | B10: L.02 | C10: Tukang penganyam bronjong | D10: OH | E10: 145000
A11: 8 | B11: L.02 | C11: Tukang tebas | D11: OH | E11: 145000
A12: 9 | B12: L.02 | C12: Tukang las | D12: OH | E12: 145000
A13: 10 | B13: L.02 | C13: Tukang las geotextile | D13: OH | E13: 145000
A14: 11 | B14: L.02 | C14: Tukang listrik | D14: OH | E14: 145000
A15: 12 | B15: L.02 | C15: Tukang alumunium | D15: OH | E15: 145000
A16: 13 | B16: L.02 | C16: Tukang kaca | D16: OH
A17: 14 | B17: L.02 | C17: Tukang erection | D17: OH | E17: 145000
A18: 15 | B18: L.02 | C18: Tukang tanam | D18: OH | E18: 145000
C19: Tukang Tanam | D19: OH | E19: 181250
C20: Kepala Tukang Tanam | D20: OH | E20: 218750
C21: Tukang pemelihara taman | D21: OH | E21: 145000
C22: Tukang pemelihara taman (115% Pekerja) | D22: OH | E22: 115000
A23: 10 | C23: Tukang gali | D23: OH | E23: 120000
A24: 11 | C24: Tukang aspal | D24: OH | E24: 120000
A25: 13 | B25: L.03 | C25: Kepala tukang | D25: OH | E25: 175000
A26: 14 | B26: L.04 | C26: Mandor | D26: OH | E26: 200000
A27: 21 | B27: L.05 | C27: Juru ukur | D27: OH | E27: 175000
A28: 28 | B28: L.06 | C28: Pembantu juru ukur | D28: OH | E28: 150000
A29: 24 | B29: L.07 | C29: Mekanik alat berat | D29: OH | E29: 220000
A30: 25 | B30: L.08 | C30: Operator alat berat | D30: OH | E30: 250000
A31: 30 | B31: L.09 | C31: Pembantu operator alat berat | D31: OH | E31: 130000
A32: 31 | B32: L.10 | C32: Sopir | D32: OH | E32: 200000
A33: 22 | B33: L.11 | C33: Kenek | D33: OH | E33: 135000
A34: 15 | C34: Administrasi bor | D34: OH | E34: 110000
A35: 16 | C35: Ahli geologist | D35: OH | E35: 400000
A36: 17 | C36: Ahli topografi | D36: OH | E36: 400000
A37: 18 | C37: Crew driller | D37: OH | E37: 125000
A38: 19 | C38: Driller | D38: OH | E38: 140000
A39: 20 | C39: Juru gambar | D39: OH | E39: 150000
A40: 23 | C40: Koordinator driller | D40: OH | E40: 155000
A41: 26 | C41: Operator pompa | D41: OH | E41: 130000
A42: 27 | C42: Pembantu driller | D42: OH | E42: 130000
A43: 29 | C43: Pembantu mekanik alat berat | D43: OH | E43: 130000
A44: 32 | C44: Supir kendaraan < 2 ton (termasuk sedan) | D44: OH | E44: 160000
B45: L.14.b | C45: Tenaga Terampil Operator | D45: OH | E45: 145000
C46: Tenaga Ahli Muda | D46: OH | E46: 145000
C47: Sewa Tripot | D47: hari | E47: 108000
C48: Gergaji Pipa | D48: hari | E48: 32500
C49: Peralatan potong pipa T1/manual (gergaji) / saw | D49: hari | E49: 35000
C50: Cilinder Saw | D50: hari | E50: 75000
C51: Peralatan potong pipa T2/mekanik / cilinder saw | D51: hari | E51: 75000
C52: Butt Fushion dan Genset | D52: hari | E52: 2500000
C53: Pohon Pucuk Merah di Polybag 20 Liter | D53: Pohon | E53: 350000
C54: Pohon Pucuk Merah di Polybag 25 Liter | D54: Pohon | E54: 400000
C55: Pohon Bunga Kupu-kupu di Polybag 50 Liter | D55: Pohon | E55: 500000
C56: Pohon Bunga Kupu-kupu di Polybag 75 Liter | D56: Pohon | E56: 530000
C57: Pohon Mahoni di Polybag 100 Liter | D57: Pohon | E57: 400000
... C60: Pohon Beringin di Polybag 250 Liter | D60: Pohon | E60: 590000
A61: 7 | C61: Bender baja beton | D61: hari | E61: 850000
A62: 12 | C62: Chainsaw 20”; 5,5HP | D62: hari | E62: 300000
A63: 12 | C63: Chainsaw 30”; 7,5HP | D63: hari | E63: 300000
A64: 22 | C64: Concrete vibrator | D64: hari | E64: 800000
A65: 25 | C65: Cutter baja beton | D65: hari | E65: 800000
A66: 27 | C66: Depresiasi alat compressor | D66: hari | E66: 425000
A67: 28 | C67: Depresiasi mesin pompa uji | D67: hari | E67: 42000
A68: 29 | C68: Depresiasi peralatan pemboran | D68: hari | E68: 265000
C69: Flat deck truck 7 ton | D69: hari | E69: 2700000
C70: Hoist 1 ton | D70: hari | E70: 180000
C71: Excavator | D71: Hari | E71: 5150000
A72: 37 | C72: Jack hammer | D72: hari | E72: 350000
C73: Jack hammer (5 kW) + Genset (12 HP) | D73: hari | E73: 350000
A74: 38 | C74: Jack hammer + genset | D74: hari | E74: 2300000
C75: Sewa Genset | D75: hari | E75: 150000
A76: 40 | C76: Mata bor auger 20 cm | D76: hari | E76: 100000
A77: 41 | C77: Mata bor auger 30 cm | D77: hari | E77: 170000
A78: 42 | C78: Mata bor auger 40 cm | D78: hari | E78: 250000
A79: 43 | C79: Mata bor auger 50 cm | D79: hari | E79: 340000
A80: 49 | C80: Mesin poles | D80: hari | E80: 150000
A81: 55 | C81: Pompa beton ∅ 2,5", 75KW; 120 bar, T= 50 m'/H=80 m’ | D81: hari | E81: 6600000
A82: 56 | C82: Pompa beton ∅ 2,5",20 KW; 20 bar, T = 18 m' | D82: hari | E82: 6300000
A83: 57 | C83: Pompa beton ∅ 3",140KW; 180 bar, T = 75 m' / H=150 m' | D83: hari | E83: 8000000
A84: 58 | C84: Pompa beton φ 1,5";5 KW; 8 bar; T = 5 m' | D84: hari | E84: 6000000
A85: 62 | C85: Sewa alat cutting machine | D85: hari | E85: 25000
A86: 63 | C86: Sewa alat las | D86: hari | E86: 25000
C87: Mesin Las Gotextile | D87: hari | E87: 25000
C88: Kunci Momen | D88: hari | E88: 20000
A89: 64 | C89: Sewa bor horisontal | D89: hari | E89: 150000
C90: Sewa Scaffolding | D90: hari | E90: 586.66667
C91: Sewa Gondola | D91: hari | E91: 322000
C92: Sewa Pipe Support | D92: hari | E92: 850
C93: Sprayer Gendong | D93: Hari | E93: 350000
C94: Stamper Kodok 150 kg | D94: Hari | E94: 350000
C95: Stamper Kuda | D95: hari | E95: 290000
C96: Stamper D-Drum | D96: hari | E96: 310000
C97: Stamper Smooth_Drum | D97: hari | E97: 350000
A98: 67 | C98: Stang bor, batang bor dia. 1-1/4" | D98: hari | E98: 95000
A99: 70 | C99: Theodolit | D99: hari | E99: 150000
A100: 72 | C100: Tower crane arm 30 m | D100: hari | E100: 3442900
C101: Crane | D101: hari | E101: 3442900
C102: Water Truck | D102: hari | E102: 1550000
...

Sheet 8_Database_Material
A1: DATABASE BAHAN MATERIAL (SE BINKON 182/2025)
A2: No | B2: Kode | C2: Nama Material | D2: Satuan | E2: Harga Material (Rp)
A3: NO | B3: Kode | C3: UPAH - MATERIAL - ALAT | D3: SATUAN
A4: 1 | C4: 2 | D4: 3 | E4: 4
A5: I. | C5: UPAH
A6: II. | C6: MATERIAL
C7: MATERIAL TANAH DAN BATUAN
A8: 1 | C8: Agregat kasar | D8: m3 | E8: 385000
C9: Agregar Kasar | D9: kg | E9: 226.47059
C10: Agg Pokok | D10: m3 | E10: 350000
C11: Agg Pengunci | D11: m3 | E11: 360000
C12: Agg Penutup | D12: m3 | E12: 370000
A13: 2 | C13: Bata merah | D13: buah | E13: 700
A14: 3 | C14: Bata merah 5 x 11 x 22 cm (per m3) | D14: m3 | E14: 590000
A15: 4 | C15: Bata ringan | D15: m3 | E15: 703500
A16: 5 | C16: Bata ringan t=10 cm | D16: m3 | E16: 685800
A17: 6 | C17: Bata ringan tebal 10 cm | D17: buah | E17: 11000
A18: 7 | C18: Bata ringan tebal 20 cm | D18: buah | E18: 20000
A19: 8 | C19: Bata ringan tebal 7,5 cm | D19: buah | E19: 8500
A20: 9 | C20: Bata rooster | D20: buah | E20: 15000
C21: Bata Berongga Uk. 12x11x24 | D21: buah | E21: 15000
A22: 10 | C22: Batu alam andesit bakar | D22: m² | E22: 179300
A23: 11 | C23: Batu alam andesit non bakar | D23: m² | E23: 177500
A24: 12 | C24: Batu belah (base camp - lokasi pekerjaan) | D24: m3 | E24: 339861
A25: 13 | C25: Batu belah (quarry - base camp) | D25: m3 | E25: 235000
A26: 14 | C26: Batu belah (quarry - lokasi pekerjaan) | D26: m3 | E26: 286500
C27: Pasangan batu ukuran 20/50 t=40cm | D27: m3 | E27: 286500
C28: Fondasi pasangan batu | D28: m3 | E28: 286500
A29: 15 | C29: Batu belah (quarry) | D29: m3 | E29: 127500
A30: 16 | C30: Batu candi | D30: m² | E30: 152000
A31: 17 | C31: Batu kali (quarry - base camp) | D31: m3 | E31: 187400
A32: 18 | C32: Batu kali (quarry) | D32: m3 | E32: 142500
A33: 19 | C33: Batu Muka ukuran 12x18 cm | D33: m2 | E33: 97500
C34: Batu | D34: m3 | E34: 97500
A35: 20 | C35: Batu paras | D35: m3 | E35: 125000
A36: 21 | C36: Batu pecah | D36: kg | E36: 210
A37: 22 | C37: Batu pecah 3/5 | D37: m3 | E37: 363800
A38: 23 | C38: Batu pecah 5/7 | D38: m3 | E38: 351800
A39: 24 | C39: Batu putih | D39: m² | E39: 123000
A40: 25 | C40: Batu putih breksi | D40: m² | E40: 117700
A41: 26 | C41: Batu sikat | D41: kg | E41: 6000
A42: 27 | C42: Batu split 1/2 | D42: m3 | E42: 370200
A43: 28 | C43: Batu split 2/3 | D43: m3 | E43: 352300
C44: Koral Beton | D44: m3 | E44: 352300
A45: 29 | C45: Batu tempel hitam | D45: m3 | E45: 121600
A46: 30 | C46: Fly ash | D46: kg | E46: 600
A47: 31 | C47: HB-10 | D47: buah | E47: 12000
A48: 32 | C48: HB-15 | D48: buah | E48: 12000
A49: 33 | C49: HB-20 | D49: buah | E49: 13000
C50: Kerikil | D50: kg | E50: 210
C51: Kerikil | D51: m3 | E51: 352300
A52: 34 | C52: Koral bulat | D52: m3 | E52: 225000
A53: 35 | C53: Pasir Beton | D53: kg | E53: 300
C54: Pasir Beton | D54: m3 | E54: 370200
A55: 36 | C55: Pasir beton (Base camp - lokasi pekerjaan) | D55: m3 | E55: 422600
A56: 37 | C56: Pasir beton (quarry - Base camp) | D56: m3 | E56: 325200
A57: 38 | C57: Pasir beton (quarry - lokasi pekerjaan) | D57: m3 | E57: 370200
A58: 39 | C58: Pasir beton (quarry) | D58: m3 | E58: 170000
C59: Pasir pasang | D59: m3 | E59: 200000
A60: 40 | C60: Pasir pasang (quarry - base camp) | D60: m3 | E60: 200000
A61: 41 | C61: Pasir pasang (quarry - lokasi pekerjaan) | D61: m3 | E61: 275000
A62: 42 | C62: Pasir pasang (quarry) | D62: m3 | E62: 150000
A63: 43 | C63: Pasir urug (quarry - base camp) | D63: m3 | E63: 165500
A64: 44 | C64: Pasir urug (quarry - lokasi pekerjaan) | D64: m3 | E64: 254700
A65: 45 | C65: Pasir Urug (quarry) | D65: m3 | E65: 120000
C66: Urukan Pasir Uruk | D66: m3 | E66: 488180
A67: 46 | C67: Serbuk batu granit | D67: kg | E67: 12000
A68: 47 | C68: Serbuk batu traso | D68: kg | E68: 13000
A69: 48 | C69: Sirtu (base camp - lokasi pekerjaan) | D69: m3 | E69: 288700
A70: 49 | C70: Sirtu (quarry - base camp) | D70: m3 | E70: 184400
A71: 50 | C71: Sirtu (quarry - lokasi pekerjaan) | D71: m3 | E71: 261800
A72: 51 | C72: Sirtu (quarry) | D72: m3 | E72: 120000
A73: 52 | C73: Tanah biasa (quarry - lokasi pekerjaan) | D73: m3 | E73: 146900
A74: 53 | C74: Tanah biasa (quarry) | D74: m3 | E74: 44000
A75: 54 | C75: Tanah liat (quarry) | D75: m3 | E75: 64500
A76: 55 | C76: Tanah liat (quarry-lokasi pekerjaan) | D76: m3 | E76: 160000
A77: 56 | C77: Tanah padas (quarry - lokasi pekerjaan) | D77: m3 | E77: 163600
A78: 57 | C78: Tanah padas (quarry) | D78: m3 | E78: 47500
... A80: 59 | C80: Tanah Pilihan (quarry) | D80: m3 | E80: 48000
C81: Tanah Subur | D81: m3 | E81: 165000
C82: MATERIAL KAYU DAN BAMBU
A83: 1 | C83: Bambu cerucuk Ø 10 cm panjang 600 cm | D83: batang | E83: 17800
A84: 2 | C84: Bambu cerucuk Ø 15 cm panjang 600 cm | D84: batang | E84: 22600
A85: 3 | C85: Bambu Ø 10 cm panjang 600 cm | D85: batang | E85: 14800
A86: 4 | C86: Bambu Ø 6 - 8 cm, pjg 6m | D86: batang | E86: 12900
C87: Bambu panjang 4,5 m | D87: batang | E87: 14500
C88: bambu panjang 2 meter | D88: batang | E88: 7000
C89: Anyaman Bambu | D89: lembar | E89: 50000
A90: 5 | C90: Bilik bambu | D90: m2 | E90: 21000
A91: 6 | C91: Blockboard tebal 18 mm | D91: m2 | E91: 410600
A92: 7 | C92: Dolken kayu φ 8-10 panjang 400 cm | D92: m' | E92: 5000
A93: 8 | C93: Dolken kayu φ 8-10 panjang 400 cm | D93: batang | E93: 20000
C94: Kayu | D94: m3 | E94: 11950000
C95: Kayu Balok Borneo | D95: M3 | E95: 2700000
A96: 9 | C96: Kayu balok 6/12 kelas I | D96: m3 | E96: 25000000
A97: 10 | C97: Kayu balok 6/12 kelas II | D97: m3 | E97: 11950000
C98: Kayu balok kelas II | D98: M3 | E98: 20000000
A99: 11 | C99: Kayu balok 6/15 kelas I | D99: m3 | E99: 25000000
A100: 12 | C100: Kayu balok 6/15 kelas II | D100: m3 | E100: 11950000
A101: 13 | C101: Kayu balok 6/15 kelas II (batang) | D101: batang | E101: 414000
...
